Id,rating
0,2.622785
1,4.702899
2,5.1471543
3,4.029313
4,4.855596
5,3.4115474
6,7.4672103
7,2.782932
8,6.7936125
9,6.4819717
10,8.296413
11,8.710262
12,7.7026253
13,4.3533096
14,1.9874241
15,5.986394
16,4.336483
17,8.478645
18,5.033677
19,6.168249
20,2.5410237
21,5.837229
22,3.8436253
23,3.3740444
24,3.5719397
25,4.3562303
26,7.730541
27,5.7618437
28,2.659367
29,4.554186
30,6.0659757
31,6.8023005
32,4.8871136
33,5.270706
34,6.3446994
35,7.467497
36,8.640928
37,-0.85397243
38,5.728185
39,7.882686
40,3.9013383
41,4.8521843
42,4.3562965
43,16.876015
44,3.881253
45,6.536388
46,13.707899
47,4.392166
48,6.3873014
49,3.8258786
50,9.048866
51,15.58093
52,4.4721165
53,6.2559624
54,5.957043
55,4.543659
56,4.8642483
57,5.678057
58,6.3276153
59,6.9342136
60,7.712673
61,3.8712234
62,4.055079
63,3.095441
64,6.4372654
65,4.6420765
66,5.334032
67,3.2801862
68,15.347927
69,6.7620726
70,4.471972
71,4.6856694
72,4.6669884
73,4.1948977
74,6.8553762
75,3.760096
76,5.527825
77,2.725369
78,7.6916313
79,5.987154
80,8.544103
81,4.296637
82,5.984362
83,9.385425
84,11.948835
85,7.770058
86,2.3141427
87,7.3653207
88,1.3614697
89,5.699008
90,8.288485
91,5.5882425
92,6.78097
93,6.734894
94,3.302859
95,7.0794983
96,0.8398886
97,11.202987
98,9.143259
99,7.063566
100,7.279269
101,4.4388375
102,6.0021586
103,7.775863
104,2.526917
105,3.8976388
106,8.545188
107,4.165581
108,2.5959437
109,7.349113
110,10.048494
111,4.4365788
112,3.6631575
113,9.186796
114,5.7911
115,5.4092407
116,8.812269
117,3.123407
118,5.318193
119,5.9696145
120,6.896839
121,6.8493886
122,6.279354
123,9.445289
124,4.2151346
125,7.410554
126,4.7831836
127,7.539016
128,6.512702
129,7.309042
130,7.5871162
131,10.798208
132,4.2332635
133,6.0585303
134,6.005614
135,7.742867
136,6.86351
137,8.7924385
138,13.883658
139,4.948703
140,4.769025
141,8.33892
142,5.2538114
143,5.762864
144,8.777075
145,8.717676
146,9.4954605
147,8.02859
148,7.981628
149,4.230278
150,2.5233655
151,16.078308
152,4.994601
153,6.540244
154,4.1947193
155,17.100723
156,5.5919967
157,5.513651
158,4.3370514
159,4.8831434
160,7.4868455
161,5.935208
162,5.881491
163,7.003952
164,6.253743
165,1.1652303
166,6.6325173
167,9.427567
168,7.9557056
169,14.054732
170,8.623722
171,6.270594
172,4.627838
173,7.359334
174,5.0387783
175,5.3761277
176,7.858139
177,5.3374863
178,6.9304876
179,4.2058377
180,5.448174
181,6.3346977
182,6.2350206
183,15.128469
184,4.8119993
185,7.6646852
186,8.755655
187,4.189537
188,8.014027
189,4.582487
190,7.819208
191,5.041113
192,5.5907693
193,2.5482297
194,7.2269773
195,3.8700593
196,5.7962656
197,1.9240603
198,4.908905
199,4.2608824
200,8.202158
201,2.558858
202,6.119867
203,5.176064
204,5.395082
205,6.1280537
206,6.676387
207,5.6639323
208,1.343996
209,5.8706145
210,3.481685
211,4.363556
212,9.457269
213,7.951292
214,2.6798403
215,4.3582234
216,4.396625
217,8.351972
218,3.3342528
219,4.7443237
220,2.1343036
221,6.8773127
222,4.4264145
223,1.56668
224,6.853965
225,4.9261045
226,10.741924
227,9.504803
228,9.881737
229,10.758526
230,2.5632513
231,7.314111
232,1.2238498
233,2.6863604
234,7.3103604
235,7.7712717
236,15.701895
237,6.117957
238,4.261913
239,8.022983
240,3.7294567
241,5.1730576
242,-0.91446257
243,7.6725354
244,5.086389
245,5.2532225
246,3.6956294
247,4.407218
248,1.8826108
249,6.8555574
250,5.0642395
251,14.123305
252,6.039416
253,7.066457
254,5.6484094
255,4.8546042
256,4.861662
257,6.6186843
258,6.5655427
259,8.436126
260,5.398586
261,4.3705773
262,3.1883307
263,5.1301517
264,4.000162
265,4.8591714
266,7.482634
267,16.208128
268,7.654356
269,6.4500575
270,6.6312914
271,7.64114
272,6.8434534
273,6.5205736
274,2.822077
275,5.044683
276,7.092656
277,7.854555
278,8.631693
279,4.1003
280,3.5734084
281,6.8327436
282,5.8216476
283,5.07613
284,6.785694
285,7.995019
286,7.0241632
287,7.0029826
288,1.3380032
289,5.285799
290,5.036377
291,6.8053026
292,5.2966466
293,1.1913099
294,4.838296
295,7.3293686
296,6.716939
297,5.53511
298,6.468783
299,6.129433
300,11.669423
301,9.068556
302,3.139423
303,6.4884872
304,5.596383
305,2.37314
306,15.736805
307,8.270408
308,1.7230554
309,7.63445
310,5.80639
311,6.721984
312,4.6019125
313,7.661729
314,4.3529263
315,1.6352654
316,4.7522616
317,3.991014
318,1.7398262
319,6.0906816
320,3.8859777
321,5.6653967
322,7.674074
323,5.702473
324,8.893778
325,4.8824487
326,5.223975
327,7.489881
328,6.5663123
329,3.5033693
330,5.1814337
331,5.6858363
332,6.7420545
333,5.526162
334,8.433555
335,3.232394
336,6.8914194
337,11.067207
338,4.3222437
339,5.480997
340,6.111414
341,5.894813
342,17.20596
343,4.2172914
344,7.2430325
345,4.5586634
346,4.0843916
347,4.0947304
348,8.011408
349,7.9012966
350,10.485626
351,5.060175
352,3.3519778
353,0.9666586
354,5.3584657
355,10.385235
356,15.214245
357,6.3145437
358,7.9546413
359,6.685983
360,5.4743347
361,6.779862
362,7.8548193
363,6.873162
364,6.6859245
365,6.6748896
366,1.5443029
367,5.390463
368,7.221509
369,6.8810616
370,4.521307
371,5.8860545
372,9.704676
373,4.1673965
374,7.4162216
375,7.366598
376,5.3084946
377,3.8486195
378,13.869943
379,7.28553
380,4.292922
381,6.110693
382,7.451312
383,4.55431
384,3.5900116
385,3.3892455
386,2.182045
387,3.4964051
388,3.3795621
389,8.064708
390,15.481289
391,8.30571
392,6.6764708
393,6.930398
394,7.5870595
395,7.271186
396,3.969742
397,6.3428464
398,5.0750513
399,2.1083705
400,3.5905578
401,2.1510828
402,8.612034
403,15.568351
404,9.805122
405,4.550275
406,2.992269
407,7.7276773
408,5.5332174
409,8.982103
410,7.5124645
411,6.8986883
412,7.1025386
413,3.2666883
414,5.121628
415,2.117115
416,4.29787
417,5.0938826
418,7.2185736
419,1.7466407
420,12.051623
421,14.272887
422,7.469479
423,4.0669317
424,3.7538474
425,3.4666095
426,15.755436
427,7.8191795
428,8.290231
429,2.120378
430,7.3026905
431,7.1724744
432,5.7250624
433,0.8899393
434,0.06516647
435,15.210171
436,7.8613787
437,3.7634997
438,4.791205
439,2.2327118
440,4.949239
441,7.688324
442,6.8994946
443,7.7065663
444,1.3515425
445,5.7703667
446,8.248637
447,6.80279
448,5.899149
449,4.8452735
450,3.7569752
451,5.14401
452,8.711802
453,5.148844
454,9.341613
455,9.17001
456,11.836352
457,3.9722176
458,2.2457435
459,8.535394
460,5.8616424
461,4.714678
462,3.9741015
463,4.471461
464,4.82289
465,5.111202
466,0.7700062
467,3.2428846
468,4.4970813
469,5.3959694
470,5.816827
471,5.7065344
472,5.280544
473,6.327419
474,8.4052515
475,4.402879
476,14.710739
477,7.019464
478,7.250964
479,3.3729923
480,7.7919664
481,4.1715817
482,9.580479
483,4.7961035
484,2.073163
485,4.060317
486,7.655981
487,1.6310353
488,6.528224
489,3.8646004
490,5.822716
491,5.4222627
492,7.7684474
493,7.894837
494,10.635635
495,5.531369
496,7.019093
497,5.064354
498,8.643103
499,4.119217
500,5.819279
501,8.623091
502,5.563492
503,5.3310127
504,6.780264
505,5.4532175
506,7.517636
507,7.7215576
508,5.6541185
509,5.2532077
510,6.8457923
511,5.344965
512,7.515283
513,5.691356
514,5.603183
515,9.492712
516,6.4888577
517,6.6974096
518,2.4122515
519,3.4074597
520,7.4271297
521,11.394125
522,5.4242506
523,3.5382245
524,4.035638
525,4.6468782
526,4.1289115
527,4.208715
528,4.5003095
529,6.903841
530,7.914214
531,5.861634
532,3.84435
533,8.105613
534,6.992141
535,9.0611
536,5.1896477
537,10.082001
538,6.700146
539,7.8877926
540,3.7518287
541,5.089345
542,6.7523394
543,8.356122
544,5.7068877
545,4.1253967
546,5.748506
547,3.1016946
548,5.432939
549,5.772562
550,3.4793308
551,6.679661
552,5.184015
553,6.171058
554,8.478552
555,3.7815
556,5.9144926
557,6.6514535
558,7.0068674
559,7.234803
560,4.103513
561,2.5046895
562,5.650483
563,4.7044516
564,2.4530087
565,4.8625207
566,7.379061
567,5.380683
568,6.6906195
569,5.587428
570,2.6502228
571,4.1743417
572,3.0899143
573,6.756053
574,10.064013
575,6.0890336
576,7.752416
577,16.626423
578,3.1689515
579,16.195366
580,1.859334
581,7.270662
582,15.34541
583,4.689375
584,7.162792
585,5.9983177
586,4.7726645
587,6.389534
588,7.462028
589,5.6214337
590,4.4762955
591,3.8006158
592,4.088412
593,1.1102138
594,7.568181
595,7.7319064
596,4.630393
597,3.943306
598,5.0706444
599,3.956054
600,8.521622
601,9.239678
602,4.395898
603,5.4227805
604,6.406861
605,2.5177372
606,5.5308723
607,5.4791203
608,6.838781
609,6.7151203
610,7.777072
611,3.4089634
612,4.5591807
613,7.2515583
614,5.9080873
615,8.089744
616,8.3269415
617,5.4901786
618,5.7797174
619,3.201594
620,4.6442556
621,-0.3299904
622,6.856114
623,6.6896076
624,10.883704
625,4.8688116
626,4.471348
627,7.3048186
628,3.162192
629,5.4868975
630,5.220537
631,3.0571966
632,8.044606
633,7.693369
634,8.274112
635,8.727707
636,6.4528136
637,7.026229
638,5.275715
639,6.561744
640,12.012643
641,6.3626003
642,5.0676727
643,3.2285256
644,4.1009936
645,9.636549
646,6.606091
647,8.738424
648,2.6248755
649,-1.2349248
650,11.023225
651,7.934545
652,6.80927
653,8.036163
654,4.1081924
655,4.3159676
656,15.144481
657,6.72632
658,8.602669
659,-2.6352978
660,4.894407
661,4.171334
662,8.274582
663,5.8001204
664,4.4365764
665,11.683438
666,0.414999
667,8.301499
668,4.721636
669,14.65002
670,6.840867
671,6.3738914
672,2.9350002
673,8.021597
674,3.837646
675,7.2107887
676,4.216917
677,6.4567275
678,3.7465148
679,1.2242537
680,5.750617
681,5.6451874
682,5.039687
683,4.911277
684,8.0278225
685,3.7261941
686,5.3949327
687,9.559583
688,2.5199535
689,12.027642
690,6.636616
691,5.525167
692,3.676278
693,7.4683733
694,15.815776
695,4.3406096
696,3.6081758
697,5.804481
698,0.025101662
699,2.6388812
700,6.782815
701,4.360907
702,5.247986
703,7.667583
704,4.124096
705,0.11351538
706,5.1257105
707,5.5430393
708,7.5580463
709,9.141394
710,4.7187114
711,8.126028
712,4.9736204
713,3.8562136
714,5.471023
715,3.625358
716,13.521238
717,4.3676395
718,7.5823236
719,4.635856
720,17.906094
721,4.6981077
722,2.6887445
723,1.1417022
724,6.500633
725,4.629719
726,7.3259554
727,3.5353677
728,7.993015
729,3.0013063
730,2.4226782
731,8.96413
732,5.696738
733,4.3622966
734,10.281208
735,5.6577
736,6.1986856
737,6.862482
738,9.210905
739,3.1169872
740,6.5150166
741,3.9804935
742,7.2641096
743,6.895562
744,8.114092
745,15.472977
746,4.55793
747,6.1474304
748,5.523028
749,8.284275
750,6.917136
751,10.540218
752,8.187056
753,4.547971
754,9.971627
755,9.216233
756,3.5359488
757,3.8130426
758,5.595978
759,6.344537
760,5.1785975
761,6.2420516
762,6.2221003
763,9.835179
764,2.2738445
765,6.7737145
766,3.50376
767,5.824129
768,3.177322
769,3.7756255
770,7.1679425
771,6.085424
772,5.258095
773,4.271608
774,6.9207587
775,7.4401875
776,4.578059
777,10.978454
778,9.0867195
779,6.916467
780,8.290127
781,7.6295524
782,6.3188186
783,2.8078911
784,4.283473
785,8.613935
786,8.04133
787,2.5413318
788,7.95883
789,4.174341
790,6.2168264
791,4.3810034
792,2.1954496
793,5.2404466
794,5.644322
795,8.124018
796,3.5617657
797,5.5407996
798,5.1995864
799,8.234123
800,3.9706225
801,8.952276
802,6.5729675
803,7.2097006
804,3.6611972
805,5.7033978
806,4.7235203
807,8.637393
808,4.977783
809,4.6249466
810,6.820804
811,5.2595305
812,2.4878874
813,7.8747463
814,4.7015066
815,3.7040527
816,5.647516
817,6.634185
818,3.7215803
819,5.1757717
820,6.6885614
821,7.936738
822,7.686922
823,3.0909815
824,6.045416
825,8.428132
826,7.6671834
827,3.6084006
828,8.012634
829,6.9958296
830,14.729137
831,2.9321892
832,4.034919
833,8.648201
834,6.6336517
835,4.9251766
836,2.8438153
837,5.96396
838,5.267164
839,4.29177
840,2.8720584
841,7.8806434
842,6.3238516
843,4.8495846
844,4.1449466
845,4.4509683
846,5.210135
847,8.457368
848,5.8399434
849,8.967283
850,7.0335884
851,6.679571
852,4.987196
853,5.5883837
854,7.8099737
855,0.55814505
856,4.0851
857,1.5190334
858,4.5067525
859,2.2042103
860,5.562026
861,4.731634
862,4.9456735
863,3.4788303
864,14.700986
865,3.5892987
866,4.410086
867,4.8441916
868,7.856078
869,5.0174465
870,7.803237
871,6.1678715
872,4.4697523
873,9.047787
874,7.523239
875,4.8934383
876,9.157509
877,4.7326045
878,4.5138
879,6.2628813
880,2.4852037
881,2.9687524
882,3.9564958
883,2.4260592
884,3.3845131
885,11.132133
886,7.7905083
887,1.523181
888,4.3160334
889,5.5459223
890,2.5394187
891,2.4235616
892,11.836966
893,4.81012
894,4.348011
895,5.739621
896,1.781071
897,5.2439685
898,3.5060618
899,7.6513877
900,4.854422
901,5.6473217
902,15.0882635
903,4.2373776
904,5.6273375
905,3.1595988
906,4.421326
907,8.572389
908,14.672932
909,3.081079
910,0.98540735
911,14.58748
912,5.6557384
913,7.2083254
914,5.2182035
915,4.2539997
916,5.0496416
917,-0.2924881
918,8.469242
919,7.3456683
920,8.329024
921,15.084534
922,8.225273
923,4.7330465
924,2.0770264
925,7.722126
926,4.9007525
927,3.9351597
928,8.680386
929,9.723701
930,15.082125
931,15.393501
932,14.931939
933,2.0537958
934,5.4106703
935,7.3930984
936,5.6362605
937,5.8122807
938,5.2948093
939,7.607973
940,2.6708474
941,7.850376
942,6.220546
943,7.378437
944,5.990432
945,7.4436436
946,6.0621333
947,5.0840025
948,7.751439
949,6.0758348
950,3.8221345
951,4.304218
952,2.6611018
953,1.9059501
954,6.732237
955,7.8575773
956,8.107156
957,5.525205
958,4.217122
959,5.9119177
960,5.796192
961,5.73519
962,6.1313314
963,6.7283125
964,5.124211
965,5.904438
966,5.8121157
967,3.7243385
968,5.9211645
969,3.242426
970,6.99608
971,5.885542
972,5.8973813
973,6.0262513
974,6.8583956
975,6.3392525
976,0.67336655
977,6.7954893
978,6.286568
979,8.513672
980,6.6075006
981,4.9148073
982,4.0926075
983,5.166281
984,5.8983617
985,15.237586
986,4.3219
987,4.7590084
988,2.6515083
989,2.7844665
990,4.9159055
991,0.68469095
992,4.1846232
993,6.338796
994,1.8275433
995,8.439099
996,14.938356
997,7.8769507
998,3.890408
999,6.163064
1000,6.749216
1001,6.8950634
1002,4.5802917
1003,10.136471
1004,4.545431
1005,5.7040577
1006,0.0048704147
1007,7.2162385
1008,1.3250599
1009,4.617182
1010,3.4925075
1011,6.3839865
1012,5.481733
1013,6.5704293
1014,7.769822
1015,16.192596
1016,7.5991144
1017,7.0569706
1018,3.7783997
1019,4.687987
1020,9.5495615
1021,3.5734022
1022,6.5234623
1023,2.8553958
1024,4.5211015
1025,5.6992383
1026,3.7336204
1027,4.9944787
1028,6.47953
1029,4.4291086
1030,3.6599352
1031,7.7836432
1032,4.179912
1033,5.3060083
1034,4.314339
1035,6.274902
1036,4.450411
1037,5.2259603
1038,3.9091601
1039,5.735782
1040,5.2989726
1041,8.370777
1042,7.1803436
1043,6.376842
1044,9.2313595
1045,5.7209053
1046,6.320015
1047,6.084989
1048,8.082609
1049,2.267503
1050,5.0761104
1051,5.140869
1052,0.30639315
1053,5.4917088
1054,5.2632675
1055,-0.18473434
1056,9.1251955
1057,5.1314716
1058,10.159428
1059,3.2426467
1060,4.7567787
1061,3.6833606
1062,4.9299555
1063,6.3778152
1064,4.598338
1065,9.284094
1066,4.745779
1067,5.6743073
1068,3.7093577
1069,2.50108
1070,4.7466
1071,7.8036075
1072,11.19031
1073,8.876564
1074,9.343309
1075,5.9714265
1076,8.010011
1077,7.250931
1078,6.387589
1079,6.4521713
1080,3.732488
1081,7.260247
1082,4.9571147
1083,6.9851837
1084,4.5328298
1085,4.4890833
1086,4.1333094
1087,8.778667
1088,6.743734
1089,9.103172
1090,9.17745
1091,3.5395885
1092,4.9483957
1093,8.347533
1094,5.0498643
1095,6.378805
1096,5.3262987
1097,7.39676
1098,6.1215277
1099,9.072761
1100,8.386986
1101,7.6239605
1102,5.979856
1103,1.6772966
1104,1.9728808
1105,6.436909
1106,2.953776
1107,8.664884
1108,8.960901
1109,5.3856936
1110,7.337225
1111,4.1966896
1112,3.595769
1113,10.778476
1114,7.756487
1115,3.2781944
1116,6.196449
1117,6.0258975
1118,4.435831
1119,15.788669
1120,7.980274
1121,3.3701887
1122,8.2499695
1123,9.523367
1124,4.627833
1125,8.593525
1126,10.760141
1127,7.8581944
1128,7.4554896
1129,8.05739
1130,2.2323492
1131,4.4584475
1132,7.5241137
1133,7.5736604
1134,6.0966644
1135,9.291801
1136,7.506875
1137,7.507761
1138,4.833572
1139,0.57865095
1140,4.860723
1141,3.9605007
1142,2.6684685
1143,2.2277486
1144,8.424311
1145,5.3532047
1146,4.7951303
1147,4.245039
1148,6.3637342
1149,5.932143
1150,8.9026985
1151,6.086811
1152,5.8559065
1153,7.037851
1154,5.1176906
1155,5.9036427
1156,6.4013014
1157,4.5618615
1158,4.971224
1159,4.1302633
1160,8.452083
1161,4.018713
1162,4.4379354
1163,4.213853
1164,10.033701
1165,7.3348446
1166,6.969002
1167,3.9584765
1168,7.811391
1169,9.277908
1170,3.9637108
1171,5.476076
1172,4.39916
1173,4.5408077
1174,2.7225103
1175,6.3174996
1176,6.8719425
1177,9.80191
1178,4.010458
1179,5.822635
1180,7.0756865
1181,10.076544
1182,5.7275476
1183,8.02706
1184,3.6077056
1185,5.9630623
1186,6.031162
1187,4.6766057
1188,6.6391206
1189,4.26688
1190,5.9019947
1191,7.338153
1192,4.337921
1193,2.643882
1194,8.212477
1195,8.652513
1196,5.4742103
1197,1.1261597
1198,6.2828646
1199,4.5920563
1200,5.0989485
1201,8.319134
1202,6.751544
1203,4.5448394
1204,5.324334
1205,6.4532547
1206,6.794452
1207,5.078388
1208,7.833954
1209,9.61005
1210,7.0709524
1211,4.408474
1212,6.5075145
1213,5.7551546
1214,6.552603
1215,5.9477224
1216,4.4580297
1217,8.407683
1218,5.950926
1219,5.894789
1220,6.4030304
1221,5.6809263
1222,11.3054695
1223,5.238118
1224,14.488638
1225,2.1918654
1226,2.4851325
1227,8.333569
1228,9.621065
1229,5.5361776
1230,7.8773274
1231,3.9354172
1232,3.8330226
1233,6.9250884
1234,7.125081
1235,7.826435
1236,7.391946
1237,6.747591
1238,2.738557
1239,5.339502
1240,1.9880085
1241,5.2384653
1242,7.6649094
1243,6.9008017
1244,6.6600885
1245,7.5858603
1246,4.217054
1247,5.0107303
1248,5.8504415
1249,8.57594
1250,8.457822
1251,5.538696
1252,3.9553738
1253,6.393896
1254,6.9666514
1255,-1.4551849
1256,7.8751717
1257,4.2647505
1258,3.429667
1259,3.2728662
1260,5.619654
1261,7.659321
1262,6.7220473
1263,-0.22707367
1264,11.843176
1265,7.0406733
1266,8.903879
1267,4.987384
1268,7.053624
1269,1.2239075
1270,6.017996
1271,7.069457
1272,5.8685045
1273,4.4572144
1274,5.792798
1275,3.5966756
1276,4.5786195
1277,7.0862036
1278,4.1577463
1279,3.4707856
1280,5.246636
1281,6.4973454
1282,4.568667
1283,15.665228
1284,7.479928
1285,6.1546097
1286,6.0662546
1287,-1.4474711
1288,6.0376196
1289,-0.16197014
1290,3.5191362
1291,4.241258
1292,2.5966444
1293,8.5000515
1294,4.746757
1295,4.0497622
1296,12.816014
1297,6.2824693
1298,4.464876
1299,5.242055
1300,8.706988
1301,4.3519807
1302,9.35392
1303,3.562434
1304,5.9316254
1305,7.803026
1306,2.8858361
1307,4.8864155
1308,5.5208387
1309,3.9476945
1310,7.6776648
1311,7.3893056
1312,7.140115
1313,6.4452033
1314,6.6527696
1315,8.3528595
1316,9.7596855
1317,7.7023783
1318,9.133902
1319,5.214391
1320,8.19928
1321,5.8252764
1322,7.596822
1323,3.7562447
1324,5.8173933
1325,3.6494558
1326,5.8494945
1327,6.0565333
1328,8.354224
1329,1.8632364
1330,6.07467
1331,11.343395
1332,6.741447
1333,4.788984
1334,6.4113975
1335,6.080674
1336,6.7440214
1337,6.3250103
1338,6.468757
1339,5.080325
1340,4.6455326
1341,4.3748913
1342,2.9670303
1343,4.75881
1344,8.22703
1345,6.2469754
1346,4.9737954
1347,6.0163655
1348,7.5022984
1349,9.472026
1350,3.423205
1351,3.1320605
1352,7.1635246
1353,4.667651
1354,5.72647
1355,3.264014
1356,9.42458
1357,4.8117666
1358,4.8253174
1359,2.7999222
1360,1.0057478
1361,6.8255916
1362,7.0048056
1363,14.931842
1364,4.4649525
1365,7.6586504
1366,4.5619593
1367,5.4482975
1368,4.570349
1369,4.5637093
1370,8.336294
1371,7.5766544
1372,4.861204
1373,2.8730316
1374,7.5809035
1375,14.109114
1376,4.593505
1377,3.3410852
1378,16.93707
1379,10.496006
1380,7.250648
1381,7.077054
1382,7.358493
1383,5.433185
1384,3.6116223
1385,3.754892
1386,6.5265703
1387,4.5732784
1388,1.305934
1389,3.8628914
1390,6.1644735
1391,7.6309023
1392,8.312671
1393,7.0533686
1394,5.749473
1395,2.7554486
1396,5.4645557
1397,3.9883509
1398,5.5821075
1399,5.887341
1400,6.853423
1401,2.8921556
1402,5.405147
1403,8.467737
1404,5.910772
1405,6.1703596
1406,3.9159813
1407,7.3638988
1408,7.33206
1409,2.9731352
1410,4.0698476
1411,9.849608
1412,4.0198765
1413,4.419623
1414,7.4057274
1415,5.0558257
1416,5.2495875
1417,5.463431
1418,2.0463252
1419,7.3643765
1420,9.071598
1421,5.2143693
1422,5.8263974
1423,3.3911865
1424,5.7905087
1425,13.606371
1426,4.9705267
1427,8.585277
1428,5.5541267
1429,8.661888
1430,4.47805
1431,5.82375
1432,10.520705
1433,5.8365703
1434,5.8054
1435,9.564066
1436,5.214069
1437,0.22110319
1438,5.0676274
1439,6.661773
1440,5.850465
1441,-0.80669594
1442,7.534795
1443,5.1047144
1444,7.841049
1445,3.0744
1446,3.7017517
1447,13.150465
1448,3.8021073
1449,16.084274
1450,6.59128
1451,4.6509585
1452,7.5166855
1453,4.49242
1454,4.311624
1455,6.4308395
1456,5.493312
1457,3.7423992
1458,4.273304
1459,6.123573
1460,7.438616
1461,2.1259713
1462,6.0362334
1463,3.5152128
1464,4.058055
1465,8.104376
1466,8.123302
1467,4.4032407
1468,5.4041004
1469,5.6758018
1470,6.5961537
1471,6.8870373
1472,11.558184
1473,1.177906
1474,16.171787
1475,1.6598659
1476,3.7420661
1477,6.3365355
1478,3.7846007
1479,6.84117
1480,2.7818656
1481,6.7481194
1482,8.526258
1483,6.5889745
1484,8.078539
1485,5.2743826
1486,3.8894646
1487,10.080447
1488,6.661946
1489,4.5568285
1490,5.8282547
1491,2.2595725
1492,5.168234
1493,5.84052
1494,1.0797763
1495,6.4814734
1496,5.589448
1497,2.2361865
1498,13.359039
1499,6.4853253
1500,6.3527393
1501,2.6213346
1502,6.048315
1503,6.6205645
1504,4.4500065
1505,7.4478407
1506,3.7132497
1507,10.871379
1508,6.4126253
1509,6.6568365
1510,4.8942766
1511,13.260361
1512,4.435248
1513,5.6207952
1514,8.557741
1515,1.4123764
1516,5.827843
1517,4.596305
1518,4.133732
1519,5.7715716
1520,5.276026
1521,5.713022
1522,4.9062304
1523,4.7818217
1524,6.365201
1525,6.5608315
1526,6.75329
1527,7.544053
1528,4.0565166
1529,2.669176
1530,2.6737204
1531,6.8105392
1532,15.072123
1533,5.725417
1534,5.4893055
1535,5.022991
1536,9.02663
1537,9.447342
1538,4.0129504
1539,6.345719
1540,2.2779007
1541,5.679276
1542,4.7446074
1543,4.4310226
1544,3.8826313
1545,2.5727
1546,11.183487
1547,3.428653
1548,6.4506464
1549,10.146011
1550,3.979724
1551,3.983889
1552,6.0716543
1553,3.760803
1554,7.365613
1555,10.437082
1556,4.2888956
1557,8.010927
1558,9.414671
1559,6.667127
1560,2.999947
1561,3.9111261
1562,3.8366878
1563,4.948853
1564,6.6793413
1565,5.2868233
1566,6.2910776
1567,6.9147563
1568,5.839079
1569,5.436641
1570,8.241696
1571,10.199797
1572,2.8133268
1573,6.370899
1574,4.619398
1575,7.909343
1576,6.275805
1577,6.3818126
1578,9.678427
1579,6.6492476
1580,7.166854
1581,12.621273
1582,4.1554785
1583,7.1035967
1584,3.7010949
1585,6.8571324
1586,6.110874
1587,3.7579486
1588,6.7619715
1589,3.5676289
1590,9.333134
1591,6.897602
1592,16.614956
1593,3.6320503
1594,7.600087
1595,6.9922338
1596,4.114895
1597,8.251553
1598,4.580307
1599,4.577651
1600,4.122111
1601,5.3749213
1602,5.5550013
1603,3.8859043
1604,3.6470299
1605,6.5551095
1606,3.7700062
1607,6.27052
1608,3.1080632
1609,4.676997
1610,5.9134808
1611,6.9348097
1612,8.94751
1613,4.1032763
1614,7.7036066
1615,3.259737
1616,10.975285
1617,3.0109932
1618,2.1230123
1619,5.203727
1620,14.576698
1621,6.8988733
1622,0.3541379
1623,4.7508674
1624,3.7678041
1625,8.43289
1626,4.260541
1627,5.1124554
1628,8.472072
1629,5.3653655
1630,2.9175174
1631,3.4439108
1632,2.1877303
1633,0.95518637
1634,4.4679503
1635,4.9424787
1636,4.920434
1637,15.247694
1638,5.943067
1639,3.8457463
1640,5.195963
1641,5.920816
1642,2.767887
1643,5.1025343
1644,10.605822
1645,5.2349076
1646,5.6765018
1647,9.40189
1648,6.7935023
1649,7.497343
1650,4.39827
1651,4.800426
1652,7.2852607
1653,5.146601
1654,4.944271
1655,7.9651775
1656,6.9589343
1657,4.782752
1658,7.5912848
1659,9.950487
1660,7.3869576
1661,3.9232364
1662,6.9887137
1663,4.5730596
1664,1.5475554
1665,7.6763086
1666,7.93387
1667,5.0717335
1668,13.720106
1669,16.599373
1670,16.637733
1671,5.4542074
1672,3.9679182
1673,1.3934612
1674,3.285943
1675,7.2905254
1676,5.5192537
1677,6.6860414
1678,4.547879
1679,7.7149553
1680,3.3263035
1681,3.3974771
1682,5.9802556
1683,10.294278
1684,6.1764717
1685,3.483521
1686,8.108457
1687,5.747878
1688,7.4933167
1689,4.608648
1690,7.2525463
1691,11.018789
1692,4.817174
1693,8.765025
1694,8.250904
1695,5.8696356
1696,7.7811685
1697,9.843143
1698,4.559736
1699,7.418493
1700,4.761375
1701,7.547182
1702,6.0253754
1703,15.0767565
1704,13.21747
1705,5.0088325
1706,14.133057
1707,7.1603518
1708,6.170588
1709,3.4162996
1710,11.016302
1711,8.419952
1712,6.7348185
1713,4.5870023
1714,6.9668474
1715,3.7767222
1716,7.8845987
1717,7.369387
1718,3.3881555
1719,4.0017076
1720,6.1732297
1721,9.306057
1722,3.0826087
1723,7.049408
1724,3.6148124
1725,7.08584
1726,5.6704674
1727,17.020714
1728,6.3437624
1729,3.3176594
1730,6.850153
1731,6.012843
1732,2.511588
1733,5.732674
1734,6.25783
1735,9.687393
1736,-0.76281977
1737,6.928358
1738,5.0541654
1739,6.2096148
1740,7.3416677
1741,14.704253
1742,6.8816586
1743,7.516057
1744,4.7082825
1745,7.535104
1746,3.843927
1747,6.016332
1748,7.645972
1749,3.7550504
1750,6.303442
1751,3.158286
1752,8.347668
1753,8.289821
1754,3.094011
1755,3.388844
1756,5.5941052
1757,2.7953243
1758,9.457126
1759,3.8240788
1760,4.2690563
1761,6.325625
1762,4.977124
1763,3.9962256
1764,4.2513075
1765,2.8171496
1766,9.51704
1767,4.0441833
1768,1.8386292
1769,5.220268
1770,8.145319
1771,6.42018
1772,6.386706
1773,6.1810937
1774,6.271256
1775,3.008417
1776,4.4697175
1777,8.418833
1778,5.378003
1779,3.2373223
1780,5.9926925
1781,3.6255088
1782,4.724061
1783,6.3739247
1784,5.620676
1785,7.5016046
1786,6.8872347
1787,8.745096
1788,3.3934598
1789,4.3065906
1790,3.4855344
1791,1.8966784
1792,1.2120304
1793,3.4113154
1794,6.1655607
1795,4.82165
1796,3.92771
1797,5.9263153
1798,5.8680434
1799,3.34965
1800,6.6266804
1801,16.399008
1802,9.590424
1803,4.294364
1804,5.6480665
1805,8.458351
1806,8.798925
1807,2.9639022
1808,6.801257
1809,6.770708
1810,3.88233
1811,4.0801086
1812,7.55539
1813,9.889836
1814,4.1621895
1815,6.9424715
1816,7.9503975
1817,3.1695657
1818,6.1587715
1819,6.3972635
1820,5.5409727
1821,6.0316596
1822,4.00419
1823,4.9866853
1824,6.363966
1825,11.065662
1826,6.9707136
1827,3.9125023
1828,5.062546
1829,3.9696965
1830,6.430088
1831,9.198405
1832,7.8874435
1833,5.605376
1834,7.3330135
1835,7.6859317
1836,14.087146
1837,6.4972553
1838,5.3662553
1839,5.500712
1840,13.875544
1841,9.518106
1842,7.585046
1843,5.5383167
1844,6.114513
1845,6.080503
1846,4.363731
1847,2.4623911
1848,5.676938
1849,8.017709
1850,4.492705
1851,6.157124
1852,5.7192926
1853,2.7470856
1854,4.9761047
1855,5.0713115
1856,5.1674485
1857,8.467668
1858,4.2061715
1859,7.332715
1860,5.092596
1861,4.743619
1862,9.124377
1863,6.869904
1864,5.3785553
1865,5.568141
1866,5.7854004
1867,7.8256216
1868,7.871584
1869,6.717843
1870,7.1524415
1871,-0.49742985
1872,4.151366
1873,7.7054873
1874,4.821655
1875,7.772686
1876,7.7285914
1877,6.60887
1878,5.289045
1879,6.434617
1880,8.643311
1881,2.2746372
1882,4.62371
1883,5.6571045
1884,4.5392675
1885,13.231332
1886,6.695711
1887,6.261752
1888,5.3261023
1889,4.0400877
1890,5.9442396
1891,16.16118
1892,2.6950216
1893,5.0910907
1894,16.407837
1895,3.4994576
1896,8.528051
1897,4.649782
1898,9.873959
1899,6.817338
1900,3.1030254
1901,5.9949083
1902,6.91552
1903,8.836717
1904,3.6518707
1905,9.575984
1906,2.4194908
1907,6.6596465
1908,6.826969
1909,18.704884
1910,2.5098472
1911,4.3451495
1912,2.5889795
1913,7.543952
1914,2.813308
1915,4.8350053
1916,8.595579
1917,6.6316137
1918,3.5913177
1919,7.5728016
1920,2.9345016
1921,4.5587244
1922,5.8347893
1923,4.9013977
1924,4.2960978
1925,2.7865016
1926,8.705774
1927,8.210323
1928,4.764371
1929,7.365011
1930,5.6575727
1931,13.397524
1932,6.3783727
1933,6.789198
1934,6.7663064
1935,2.8181949
1936,5.683094
1937,6.115981
1938,4.7788997
1939,6.5267334
1940,5.4927526
1941,2.6599026
1942,4.970108
1943,8.336638
1944,6.432535
1945,2.937675
1946,4.257618
1947,5.6504073
1948,7.4555635
1949,4.902752
1950,9.60896
1951,7.9277277
1952,3.5363364
1953,8.685959
1954,8.893194
1955,1.2720199
1956,5.2803216
1957,5.292834
1958,16.37807
1959,16.755974
1960,9.21055
1961,7.699114
1962,15.908312
1963,6.8478346
1964,9.109889
1965,4.391536
1966,4.2414894
1967,4.566273
1968,5.0744123
1969,5.3489966
1970,3.547776
1971,5.3438983
1972,3.5818217
1973,6.8907614
1974,4.4428115
1975,1.1419735
1976,11.254496
1977,10.832264
1978,1.4374738
1979,6.5667124
1980,6.7709284
1981,4.67968
1982,4.339936
1983,6.9570017
1984,5.4072366
1985,8.099236
1986,5.0908566
1987,3.6229913
1988,7.827138
1989,4.074857
1990,5.5957227
1991,5.8496513
1992,9.189854
1993,6.8669677
1994,6.5492992
1995,2.747239
1996,6.128112
1997,3.9770222
1998,6.4789276
1999,3.0873466
2000,3.928607
2001,5.3981833
2002,9.046443
2003,5.929207
2004,3.2281556
2005,9.808934
2006,6.644542
2007,5.8500686
2008,6.095548
2009,8.201271
2010,2.3236823
2011,3.8596623
2012,8.602686
2013,4.5264764
2014,4.4503856
2015,2.2243767
2016,7.5973444
2017,0.7089734
2018,8.194213
2019,7.2898426
2020,5.700913
2021,0.67719936
2022,5.9681797
2023,1.6597581
2024,9.751833
2025,8.914751
2026,10.119106
2027,1.767268
2028,-0.05327797
2029,-0.4893012
2030,6.4987936
2031,5.0215225
2032,3.6733186
2033,6.039109
2034,7.5308676
2035,7.459309
2036,5.1655064
2037,6.604159
2038,12.773923
2039,0.42247868
2040,-2.4069614
2041,5.381626
2042,6.378911
2043,7.4829082
2044,6.172108
2045,6.695563
2046,5.5018873
2047,1.8747239
2048,14.464577
2049,7.0727262
2050,4.6872764
2051,4.226724
2052,4.1348147
2053,4.6844473
2054,5.032685
2055,9.404736
2056,3.457943
2057,18.819733
2058,3.8269465
2059,2.8895135
2060,5.917658
2061,5.7136016
2062,5.773168
2063,7.0844064
2064,4.6691
2065,4.9910913
2066,5.809348
2067,5.22684
2068,4.5502844
2069,2.5012045
2070,4.512683
2071,5.3003955
2072,3.6470432
2073,7.3935003
2074,12.230968
2075,3.898829
2076,3.395997
2077,5.112047
2078,6.9476614
2079,8.811266
2080,6.7717323
2081,7.797353
2082,5.471852
2083,5.6782775
2084,6.106048
2085,-1.1080871
2086,2.5797853
2087,4.921494
2088,5.2864947
2089,4.6995554
2090,7.1084313
2091,2.9771485
2092,6.86668
2093,10.127375
2094,9.45926
2095,4.6692085
2096,3.6606808
2097,2.8955624
2098,2.3072028
2099,8.737459
2100,6.8549757
2101,6.466812
2102,7.2247734
2103,5.502202
2104,4.77575
2105,6.501666
2106,5.1385283
2107,7.338843
2108,4.947431
2109,15.46502
2110,6.3300347
2111,5.466304
2112,7.108623
2113,8.057791
2114,5.855203
2115,4.92168
2116,4.3072433
2117,6.4410076
2118,4.213037
2119,6.017073
2120,3.8993874
2121,8.065279
2122,5.4054384
2123,5.349951
2124,3.7814016
2125,4.847598
2126,7.0527754
2127,5.470642
2128,7.545641
2129,3.5798194
2130,5.0302076
2131,5.4769363
2132,6.845861
2133,3.9342294
2134,4.9893427
2135,5.4884987
2136,5.3355303
2137,6.5564275
2138,9.140266
2139,5.3268633
2140,4.816419
2141,13.727776
2142,3.957823
2143,7.0685186
2144,5.9255977
2145,6.9557753
2146,9.915831
2147,5.6028156
2148,2.6589413
2149,6.395172
2150,9.147938
2151,5.5799427
2152,15.353312
2153,3.2492836
2154,5.546298
2155,1.054524
2156,6.4725523
2157,4.0133405
2158,5.0115995
2159,8.265997
2160,4.9176216
2161,1.8877559
2162,0.95458555
2163,7.073578
2164,5.8508563
2165,5.062834
2166,10.790596
2167,7.608909
2168,7.9509773
2169,4.437251
2170,4.601367
2171,3.6735032
2172,4.461785
2173,8.296717
2174,6.000795
2175,6.29053
2176,7.841897
2177,6.8161774
2178,2.8846107
2179,7.0255537
2180,5.0059447
2181,9.854344
2182,7.1598606
2183,5.299795
2184,5.6958013
2185,5.064024
2186,4.5749183
2187,7.8648157
2188,8.733015
2189,7.0706043
2190,3.3171544
2191,5.214914
2192,2.5403552
2193,6.790042
2194,8.325835
2195,5.023245
2196,3.6815755
2197,7.022548
2198,2.5924516
2199,5.624321
2200,8.031603
2201,5.1445475
2202,3.3238842
2203,5.278018
2204,7.542512
2205,5.943261
2206,4.740956
2207,1.9865937
2208,6.082845
2209,7.164159
2210,7.5537643
2211,16.681377
2212,7.3979626
2213,3.346695
2214,4.862718
2215,6.909977
2216,5.5347023
2217,0.9436722
2218,8.404822
2219,5.034511
2220,14.992244
2221,2.785964
2222,6.880335
2223,4.4634705
2224,3.3124592
2225,6.6694865
2226,7.888074
2227,6.1250243
2228,2.7700317
2229,7.0091443
2230,11.066628
2231,4.653599
2232,6.086446
2233,3.1376238
2234,5.8106647
2235,8.433846
2236,6.642804
2237,-0.7012644
2238,9.289541
2239,3.5377562
2240,5.6974807
2241,8.755921
2242,8.493938
2243,5.378144
2244,4.428613
2245,4.3101597
2246,6.6407375
2247,9.278065
2248,6.5959215
2249,4.5128555
2250,4.9004917
2251,6.5843935
2252,10.794474
2253,6.6218386
2254,2.6297042
2255,3.926989
2256,6.351077
2257,4.5781536
2258,5.665099
2259,7.2938876
2260,5.788652
2261,-1.4393406
2262,4.7543573
2263,4.0034513
2264,6.37292
2265,7.4008074
2266,7.8094034
2267,2.1508145
2268,5.20816
2269,6.267176
2270,6.213949
2271,3.0291138
2272,0.639431
2273,7.148576
2274,5.8218966
2275,8.236097
2276,8.670135
2277,3.8931577
2278,4.933607
2279,4.4441013
2280,4.823787
2281,4.48796
2282,8.643108
2283,-0.42289352
2284,8.034404
2285,5.3073936
2286,4.992257
2287,6.199153
2288,5.1609764
2289,5.3179755
2290,3.4577587
2291,6.665942
2292,8.674461
2293,1.884254
2294,8.066528
2295,7.8208876
2296,7.4415827
2297,2.8007126
2298,-2.1905537
2299,6.1518474
2300,7.1122727
2301,7.1544466
2302,9.713925
2303,1.2825661
2304,7.066334
2305,4.115545
2306,15.881454
2307,3.3143072
2308,13.634962
2309,7.4496813
2310,4.0096636
2311,4.925267
2312,5.897036
2313,3.983069
2314,5.9029317
2315,12.042898
2316,6.73892
2317,5.933276
2318,9.139845
2319,4.244253
2320,-0.854784
2321,5.7651043
2322,3.9334908
2323,6.469003
2324,6.49727
2325,5.622055
2326,6.8080015
2327,7.672278
2328,4.082714
2329,7.6632032
2330,11.79562
2331,5.597965
2332,6.203239
2333,3.9118652
2334,5.0865602
2335,5.3422246
2336,8.020218
2337,4.6771793
2338,4.1654663
2339,5.5416336
2340,6.8533096
2341,2.6683726
2342,4.8814197
2343,5.413508
2344,3.7878494
2345,7.4507465
2346,5.672636
2347,6.3599925
2348,5.8290524
2349,6.023203
2350,4.4025955
2351,14.098468
2352,6.8080544
2353,2.8535776
2354,3.3933935
2355,7.599407
2356,7.59159
2357,3.049185
2358,6.604264
2359,3.5195808
2360,7.3739853
2361,5.123617
2362,4.9496603
2363,1.441628
2364,7.001347
2365,6.251789
2366,5.3675575
2367,2.7477565
2368,5.11238
2369,4.611012
2370,2.4002452
2371,15.802316
2372,6.5257564
2373,3.1842797
2374,6.6050787
2375,9.048446
2376,3.6170585
2377,2.4207764
2378,4.0133057
2379,4.7087784
2380,5.555146
2381,9.036612
2382,5.0069327
2383,5.8002625
2384,-1.831954
2385,3.5916054
2386,3.2613192
2387,4.9306917
2388,5.479363
2389,6.1130505
2390,6.39382
2391,9.23863
2392,5.73853
2393,5.576765
2394,6.277772
2395,4.6903343
2396,4.257709
2397,5.9994526
2398,7.4592814
2399,0.8154001
2400,5.110243
2401,5.5671744
2402,7.6107855
2403,4.82936
2404,4.6162953
2405,6.220901
2406,6.561998
2407,2.733033
2408,7.813629
2409,6.436408
2410,3.013022
2411,2.8706684
2412,3.5032582
2413,7.312748
2414,2.9600966
2415,5.375325
2416,5.7395616
2417,4.532395
2418,5.0020113
2419,6.2468348
2420,7.3467054
2421,-0.0069670677
2422,7.5820494
2423,6.70262
2424,4.3918676
2425,3.9382029
2426,4.8430433
2427,4.6096945
2428,9.172682
2429,8.542884
2430,5.923905
2431,5.015741
2432,7.6097813
2433,5.3925176
2434,5.6675572
2435,7.6209493
2436,8.210272
2437,6.288044
2438,3.4140992
2439,6.3274117
2440,6.43001
2441,3.5917265
2442,5.9437404
2443,15.512447
2444,4.388244
2445,7.368142
2446,7.7340174
2447,1.7299759
2448,4.9052286
2449,5.2787285
2450,6.5803137
2451,7.6674848
2452,4.89156
2453,7.0641117
2454,3.9111512
2455,5.2552757
2456,4.3364115
2457,6.718217
2458,4.5846376
2459,5.9360566
2460,6.8444357
2461,-0.31988907
2462,2.4929903
2463,7.5387564
2464,4.9564586
2465,3.580079
2466,4.2992144
2467,6.672726
2468,5.688198
2469,5.705833
2470,6.064429
2471,5.5133767
2472,6.3581305
2473,7.7012057
2474,6.0026755
2475,4.741357
2476,5.8371134
2477,11.53816
2478,8.21804
2479,4.7446566
2480,8.331427
2481,2.2779264
2482,6.313158
2483,6.407799
2484,5.454864
2485,2.2680054
2486,5.2918673
2487,6.104989
2488,6.871537
2489,3.558477
2490,9.969412
2491,6.6274242
2492,4.3154716
2493,3.09104
2494,6.0103745
2495,7.408201
2496,5.6726694
2497,6.0522957
2498,7.5530148
2499,3.3160698
2500,1.8241887
2501,4.6206884
2502,5.0473638
2503,8.121092
2504,2.7673588
2505,9.010963
2506,2.576003
2507,1.4284229
2508,4.442574
2509,6.4463787
2510,8.050386
2511,13.561869
2512,8.584307
2513,3.6147444
2514,7.32565
2515,2.910914
2516,7.4042745
2517,8.624376
2518,7.3770065
2519,5.303984
2520,5.123241
2521,6.370298
2522,3.7721298
2523,7.580612
2524,4.240073
2525,15.620658
2526,2.3930974
2527,6.924516
2528,1.3247557
2529,4.1503315
2530,7.640834
2531,3.3011441
2532,-0.09129858
2533,5.518871
2534,4.752204
2535,14.640718
2536,4.9208894
2537,1.0786653
2538,2.9128106
2539,6.5223503
2540,4.067945
2541,3.5429533
2542,3.298707
2543,5.1992188
2544,6.791849
2545,9.359281
2546,2.1425173
2547,13.91796
2548,4.4664774
2549,6.8648005
2550,5.950331
2551,3.1775086
2552,5.561318
2553,12.673025
2554,5.0491557
2555,7.0968885
2556,4.886099
2557,4.8937774
2558,4.947526
2559,6.3193803
2560,5.9765425
2561,7.15119
2562,1.5104008
2563,4.744835
2564,8.682346
2565,1.2755413
2566,15.905148
2567,4.9722486
2568,4.84042
2569,14.112756
2570,4.205144
2571,14.811069
2572,3.8019598
2573,4.583195
2574,15.857571
2575,5.3424635
2576,7.4959545
2577,8.366087
2578,13.803031
2579,7.8051395
2580,6.2685943
2581,3.2546325
2582,6.754781
2583,7.0125127
2584,6.1760917
2585,6.4186783
2586,2.7992024
2587,6.5517797
2588,6.2635765
2589,7.9555917
2590,7.011093
2591,3.6959178
2592,4.356682
2593,4.7215233
2594,6.0619836
2595,6.6546826
2596,4.9922123
2597,5.8984365
2598,-0.4812107
2599,6.6650696
2600,8.291465
2601,1.4727397
2602,4.718154
2603,5.132702
2604,13.879656
2605,5.5843034
2606,9.299549
2607,7.7993326
2608,5.1442437
2609,8.257952
2610,7.3258543
2611,7.2037387
2612,8.866578
2613,6.934599
2614,5.8796477
2615,13.651073
2616,9.684299
2617,6.5735626
2618,4.1781645
2619,2.5357506
2620,9.388422
2621,6.191813
2622,4.513805
2623,7.8255367
2624,-0.45856285
2625,5.7353034
2626,5.258264
2627,7.2658367
2628,1.4009199
2629,6.5711203
2630,2.660439
2631,7.9782667
2632,0.579494
2633,3.989951
2634,7.187286
2635,5.8649206
2636,2.0095518
2637,5.607807
2638,5.9805613
2639,10.070175
2640,17.007133
2641,4.6100497
2642,9.020675
2643,5.5085917
2644,13.983169
2645,6.086218
2646,4.784631
2647,6.8197126
2648,9.7309
2649,8.256575
2650,4.0252695
2651,3.2313805
2652,7.5582833
2653,1.8907881
2654,3.777381
2655,2.5156274
2656,9.6700325
2657,2.7391846
2658,2.893589
2659,5.975135
2660,3.9114695
2661,7.1625957
2662,6.831603
2663,11.572921
2664,4.6920967
2665,4.270186
2666,4.436252
2667,4.6516957
2668,6.605259
2669,3.3412058
2670,6.580395
2671,4.389373
2672,3.7520413
2673,8.3073845
2674,6.255673
2675,4.5688095
2676,13.685623
2677,4.0104213
2678,5.727295
2679,8.860897
2680,3.106144
2681,4.5035486
2682,14.904301
2683,6.870529
2684,3.9866948
2685,5.6759276
2686,4.9143467
2687,4.6777887
2688,7.311242
2689,4.418037
2690,4.837697
2691,0.85741615
2692,12.944334
2693,9.331991
2694,3.668386
2695,6.9310627
2696,5.696843
2697,6.503424
2698,4.220872
2699,4.7778883
2700,4.8646474
2701,5.801946
2702,5.065063
2703,12.605978
2704,3.8040214
2705,4.2499886
2706,7.7294874
2707,5.7554693
2708,5.625406
2709,6.4186287
2710,15.569953
2711,4.9411554
2712,4.4346323
2713,5.8404026
2714,7.926695
2715,0.4851694
2716,3.252472
2717,6.426936
2718,6.2981663
2719,8.613623
2720,3.2415385
2721,8.083866
2722,4.0936403
2723,9.146856
2724,5.555307
2725,7.412816
2726,3.1737556
2727,4.8112326
2728,5.654483
2729,5.91867
2730,5.377664
2731,4.954807
2732,6.352159
2733,6.0140834
2734,3.1724176
2735,8.314606
2736,6.404556
2737,1.6472654
2738,4.7162437
2739,3.6606698
2740,5.3182
2741,7.7273216
2742,3.4641314
2743,5.732281
2744,7.105134
2745,17.534079
2746,-0.31236506
2747,15.18244
2748,4.7244287
2749,6.015267
2750,6.656985
2751,7.0566373
2752,7.369646
2753,5.8029537
2754,7.5071197
2755,-4.0600166
2756,4.3820543
2757,5.671586
2758,7.0711203
2759,5.9741764
2760,4.030669
2761,10.716282
2762,19.318203
2763,8.984371
2764,6.2027335
2765,7.3544807
2766,10.8938055
2767,3.2739162
2768,2.8901758
2769,8.970165
2770,5.95622
2771,7.623328
2772,5.7680826
2773,6.3902245
2774,7.5545673
2775,8.970327
2776,7.889033
2777,7.018309
2778,15.802708
2779,5.30967
2780,5.7568736
2781,6.16403
2782,6.4824643
2783,7.9485903
2784,4.312262
2785,7.319174
2786,4.8401833
2787,5.8940015
2788,1.9928393
2789,5.738844
2790,4.0889316
2791,8.293733
2792,5.964902
2793,4.299349
2794,2.850077
2795,4.9943423
2796,5.5940294
2797,4.389205
2798,6.810369
2799,10.126036
2800,2.0308356
2801,12.122694
2802,1.9558301
2803,8.638983
2804,1.5468044
2805,5.3722396
2806,4.247557
2807,4.735487
2808,3.8186774
2809,2.4323332
2810,2.798472
2811,7.9479513
2812,3.871955
2813,4.092033
2814,14.495964
2815,5.031347
2816,7.5374064
2817,4.818388
2818,4.0604553
2819,3.2831972
2820,8.546522
2821,3.1688778
2822,8.426781
2823,4.9175143
2824,8.453146
2825,8.833786
2826,6.2115555
2827,4.277898
2828,8.615841
2829,7.941221
2830,6.6128974
2831,7.9039516
2832,7.846176
2833,4.4974103
2834,6.4801445
2835,7.317196
2836,4.550047
2837,4.7052517
2838,2.7126555
2839,6.417523
2840,8.600918
2841,3.9236684
2842,4.9779625
2843,6.798434
2844,4.947447
2845,3.1521146
2846,0.38363647
2847,6.9392943
2848,7.5555897
2849,14.934747
2850,14.114799
2851,5.598929
2852,7.3830404
2853,4.1508226
2854,5.606872
2855,7.076442
2856,4.1141453
2857,6.194785
2858,5.8968716
2859,5.3964367
2860,6.879118
2861,8.733562
2862,2.0122135
2863,4.6217756
2864,9.261051
2865,2.412121
2866,5.011807
2867,13.403244
2868,7.9067802
2869,8.867235
2870,6.637473
2871,8.262089
2872,1.8642769
2873,2.5059
2874,7.5543847
2875,5.6794343
2876,5.216987
2877,7.150195
2878,14.6142235
2879,2.7873092
2880,4.5307455
2881,4.152868
2882,4.534313
2883,6.484247
2884,4.5970306
2885,6.71778
2886,2.3816628
2887,5.3174143
2888,9.008965
2889,2.287547
2890,2.476479
2891,4.4248114
2892,7.574294
2893,4.7120337
2894,3.20096
2895,6.4290934
2896,11.418512
2897,7.150387
2898,5.759384
2899,8.22487
2900,4.7420673
2901,3.3920932
2902,5.4247894
2903,4.15276
2904,4.971411
2905,5.9970865
2906,7.0731983
2907,5.757303
2908,7.026656
2909,5.0277133
2910,7.685271
2911,5.3101945
2912,6.4029284
2913,5.0730443
2914,3.0383217
2915,4.777124
2916,5.076463
2917,6.2984962
2918,4.60324
2919,5.5864944
2920,8.188627
2921,5.025145
2922,7.2397795
2923,17.171701
2924,7.3284645
2925,4.7581415
2926,7.553988
2927,5.5130715
2928,6.8844123
2929,9.353872
2930,5.7165246
2931,5.642261
2932,2.9052124
2933,7.276769
2934,4.10633
2935,5.1176934
2936,5.45095
2937,4.8231463
2938,4.5305953
2939,5.2108526
2940,8.182575
2941,5.488158
2942,6.348986
2943,4.2267427
2944,8.202095
2945,5.959464
2946,7.0445404
2947,6.134568
2948,4.88464
2949,5.3699822
2950,8.515337
2951,14.923804
2952,2.857753
2953,2.9854732
2954,6.9589863
2955,6.355499
2956,4.584449
2957,5.4054165
2958,5.786973
2959,8.59998
2960,5.0130363
2961,5.2096915
2962,7.1669583
2963,4.7159777
2964,6.2607765
2965,6.5520287
2966,5.391792
2967,5.7512445
2968,6.0210543
2969,5.2623215
2970,8.963999
2971,3.8226776
2972,4.7266994
2973,9.579972
2974,1.8211858
2975,8.827562
2976,4.612282
2977,6.6613145
2978,5.852247
2979,4.8691177
2980,6.051488
2981,3.9178877
2982,5.332861
2983,5.9706717
2984,4.149928
2985,5.847579
2986,3.1037393
2987,7.5186644
2988,2.8249807
2989,4.323543
2990,17.186821
2991,7.0249124
2992,3.4261317
2993,3.6573963
2994,3.1268568
2995,5.92412
2996,6.4799786
2997,9.070126
2998,1.1832838
2999,5.721969
3000,7.8879757
3001,8.12741
3002,6.4525394
3003,1.1644039
3004,3.9870665
3005,5.467076
3006,3.135931
3007,8.837164
3008,6.502646
3009,5.865098
3010,4.944145
3011,3.0602207
3012,7.069479
3013,3.670332
3014,5.9933896
3015,8.689333
3016,6.538881
3017,6.162389
3018,8.251093
3019,4.4496775
3020,8.829746
3021,4.328075
3022,4.9338946
3023,5.8894978
3024,5.964279
3025,2.6799467
3026,3.5724766
3027,4.807317
3028,7.564725
3029,5.2885213
3030,3.8304229
3031,7.1606493
3032,7.0494604
3033,7.953722
3034,5.3795185
3035,5.780962
3036,6.2150726
3037,8.872349
3038,1.9794774
3039,1.2163844
3040,8.981663
3041,6.4336557
3042,7.02049
3043,6.6364117
3044,7.1401606
3045,6.69825
3046,2.9180703
3047,6.013282
3048,5.909142
3049,10.065344
3050,5.0555334
3051,5.360083
3052,2.496045
3053,8.2496605
3054,-0.8913851
3055,3.213191
3056,7.865553
3057,4.708467
3058,2.5521636
3059,4.9685583
3060,3.168593
3061,5.555334
3062,5.1094246
3063,1.3597202
3064,7.946865
3065,9.182367
3066,6.4494076
3067,8.262975
3068,9.063126
3069,6.064059
3070,6.8461943
3071,5.2044754
3072,5.0303774
3073,6.794034
3074,6.319895
3075,7.5589933
3076,6.461589
3077,3.420695
3078,3.0835142
3079,2.4100149
3080,7.0917864
3081,1.5027704
3082,17.878258
3083,9.234554
3084,8.834055
3085,4.9311132
3086,2.7725563
3087,7.535555
3088,9.777058
3089,8.039553
3090,3.3982804
3091,6.8933983
3092,4.2052913
3093,5.692543
3094,4.8872895
3095,2.2029915
3096,5.6940594
3097,3.3146243
3098,6.822362
3099,6.81504
3100,8.274019
3101,6.3943386
3102,13.720076
3103,7.4642625
3104,5.499596
3105,3.539885
3106,5.35892
3107,8.112404
3108,7.8104653
3109,9.443392
3110,5.588435
3111,15.739675
3112,6.333706
3113,2.0802336
3114,-0.3890438
3115,5.913996
3116,6.418243
3117,6.068545
3118,6.6814375
3119,4.5890827
3120,6.850226
3121,5.88788
3122,4.8921766
3123,7.798371
3124,5.244567
3125,1.993998
3126,5.1838636
3127,7.744214
3128,1.9720182
3129,8.767942
3130,7.6558204
3131,8.442339
3132,13.442228
3133,3.6779833
3134,6.698651
3135,3.5593672
3136,-0.8757558
3137,4.636136
3138,2.9616828
3139,7.262271
3140,8.735357
3141,3.9276183
3142,1.7915416
3143,5.0648427
3144,9.04549
3145,15.011134
3146,6.2058797
3147,3.9838383
3148,7.022853
3149,5.091051
3150,6.6367493
3151,5.6358986
3152,6.0615053
3153,4.621855
3154,6.6639967
3155,4.677027
3156,3.5343852
3157,6.453541
3158,4.9830823
3159,3.6190903
3160,4.721411
3161,4.580855
3162,4.7063417
3163,5.6437826
3164,10.581451
3165,3.301799
3166,9.041124
3167,6.0517817
3168,6.760359
3169,4.814956
3170,8.012489
3171,4.289196
3172,2.8481507
3173,2.6106064
3174,7.2752614
3175,3.627133
3176,3.7166097
3177,6.9154024
3178,4.978643
3179,9.204697
3180,0.5519428
3181,5.5746236
3182,7.18729
3183,7.2036977
3184,4.858614
3185,15.154008
3186,1.8728635
3187,5.383863
3188,7.0080833
3189,4.876079
3190,6.8614883
3191,9.290045
3192,4.9141245
3193,5.722262
3194,4.750327
3195,6.071685
3196,4.3004146
3197,8.248463
3198,7.5730596
3199,13.492613
3200,8.392623
3201,5.2949
3202,5.6430616
3203,4.368785
3204,7.0822506
3205,6.0443916
3206,5.501223
3207,9.164841
3208,13.188009
3209,2.0206304
3210,4.7904363
3211,3.8563175
3212,5.081892
3213,6.6223454
3214,8.336771
3215,8.54019
3216,4.09933
3217,3.7402263
3218,13.897485
3219,7.454708
3220,6.245331
3221,8.902744
3222,7.832646
3223,4.1083236
3224,3.6372938
3225,6.6864414
3226,6.4440203
3227,-0.18042326
3228,4.2061725
3229,6.5782022
3230,7.2434444
3231,4.3945417
3232,8.604591
3233,9.146075
3234,0.20302868
3235,6.2432775
3236,6.6544785
3237,2.2990212
3238,6.482546
3239,4.501706
3240,8.161615
3241,6.8260307
3242,3.2224724
3243,7.2435517
3244,2.623653
3245,5.437885
3246,6.658744
3247,3.3105483
3248,5.0829325
3249,3.9607089
3250,6.471627
3251,5.491555
3252,6.8843274
3253,8.255675
3254,8.15704
3255,1.317297
3256,16.496872
3257,4.2916284
3258,10.042628
3259,5.591921
3260,5.4966164
3261,6.023997
3262,2.518937
3263,4.923044
3264,5.1707687
3265,7.438546
3266,4.8189306
3267,6.1585946
3268,5.9706893
3269,6.5895085
3270,4.672944
3271,6.5611444
3272,5.7062006
3273,6.7489953
3274,8.32037
3275,8.140229
3276,3.7806637
3277,8.94961
3278,3.648232
3279,4.6403403
3280,6.29336
3281,2.823596
3282,3.5593038
3283,4.2793593
3284,9.540447
3285,2.527634
3286,3.2128384
3287,3.176427
3288,5.2305894
3289,8.019973
3290,3.954846
3291,5.566294
3292,4.3128796
3293,5.5410795
3294,6.0999618
3295,5.0752077
3296,5.2485194
3297,7.357328
3298,2.7576408
3299,4.9745045
3300,2.2703261
3301,5.2900834
3302,5.284682
3303,6.1697254
3304,7.7827425
3305,5.2192144
3306,15.492714
3307,8.886713
3308,6.848244
3309,7.0089245
3310,17.133629
3311,5.2567644
3312,1.9621911
3313,6.80998
3314,4.1826916
3315,4.0518746
3316,8.726677
3317,8.750321
3318,8.470427
3319,0.87766457
3320,5.9682326
3321,7.2315993
3322,5.788109
3323,8.701505
3324,6.7302556
3325,7.3458767
3326,2.5483546
3327,8.741805
3328,4.0072546
3329,4.4634566
3330,6.257349
3331,5.157601
3332,7.3949738
3333,4.059044
3334,6.73867
3335,6.9633904
3336,7.669848
3337,2.0616367
3338,6.077572
3339,4.4126186
3340,6.041749
3341,5.38381
3342,4.4274945
3343,0.53310156
3344,2.6992774
3345,7.8586197
3346,8.205015
3347,2.0811977
3348,6.790579
3349,7.7252016
3350,4.0323777
3351,4.663068
3352,5.046182
3353,2.6447282
3354,8.398338
3355,8.400522
3356,16.108221
3357,13.197414
3358,3.1405334
3359,7.953573
3360,5.5623646
3361,5.715541
3362,2.9567213
3363,0.1584301
3364,5.813237
3365,6.288822
3366,5.4825287
3367,7.086161
3368,5.4477
3369,7.0097694
3370,7.4597635
3371,4.8697734
3372,7.3063974
3373,2.1038709
3374,6.0171227
3375,6.3932323
3376,1.9091368
3377,1.6517944
3378,4.6155367
3379,6.618864
3380,0.65242004
3381,3.1602876
3382,6.732889
3383,3.9188766
3384,4.1633234
3385,6.499298
3386,4.4887033
3387,6.3104634
3388,4.071391
3389,1.0704956
3390,6.5780635
3391,4.554595
3392,5.3604016
3393,16.258839
3394,1.9835436
3395,8.793386
3396,4.3277726
3397,8.455398
3398,5.435092
3399,3.8740015
3400,6.7037425
3401,5.612837
3402,5.9473295
3403,7.5279484
3404,8.8642845
3405,6.103649
3406,7.302542
3407,7.0730433
3408,6.327176
3409,4.8407273
3410,1.7314024
3411,2.2583117
3412,8.420619
3413,8.128255
3414,6.991473
3415,6.58896
3416,12.72748
3417,4.0727077
3418,3.4231699
3419,3.7458313
3420,7.708936
3421,4.0948834
3422,15.769843
3423,7.00306
3424,16.38266
3425,4.03194
3426,6.501759
3427,6.0254927
3428,5.066636
3429,4.995461
3430,6.230156
3431,8.055307
3432,9.217581
3433,10.599401
3434,7.9591813
3435,6.210038
3436,6.4171453
3437,7.7360106
3438,8.383248
3439,7.73061
3440,3.4371002
3441,3.561298
3442,1.8130188
3443,5.8393326
3444,5.277567
3445,7.3060327
3446,7.488682
3447,5.2411757
3448,6.2247295
3449,6.7339296
3450,3.520448
3451,4.2841783
3452,6.0403533
3453,6.0195723
3454,1.8198857
3455,4.6441
3456,0.85434675
3457,6.8280478
3458,5.2026215
3459,4.375823
3460,9.424753
3461,4.2571297
3462,-1.7766252
3463,5.388295
3464,16.692305
3465,5.8994637
3466,3.9508533
3467,5.7026453
3468,3.148887
3469,4.117724
3470,5.7811904
3471,5.8754177
3472,4.9667416
3473,8.49885
3474,5.0646667
3475,9.199785
3476,7.270511
3477,3.4965124
3478,4.5853176
3479,6.113645
3480,9.34484
3481,15.784204
3482,4.2306604
3483,7.9691305
3484,6.58861
3485,2.2941296
3486,5.305872
3487,8.083789
3488,2.328227
3489,7.739352
3490,4.994111
3491,3.2480066
3492,2.6056838
3493,4.5479097
3494,5.7063274
3495,7.6883125
3496,7.264654
3497,7.696949
3498,3.2581613
3499,0.81568193
3500,3.5171816
3501,9.034618
3502,9.831829
3503,4.882457
3504,4.5707235
3505,7.8123937
3506,6.0041366
3507,5.279476
3508,-0.6056838
3509,2.575947
3510,1.2020917
3511,6.9909
3512,7.806407
3513,5.9082003
3514,10.567739
3515,5.8713202
3516,3.0645673
3517,8.669944
3518,6.8971734
3519,5.090574
3520,5.449027
3521,7.6713066
3522,8.209579
3523,16.280201
3524,15.486766
3525,2.3921802
3526,6.5033464
3527,7.1170416
3528,4.2671065
3529,9.833591
3530,7.098519
3531,4.557398
3532,5.6076946
3533,7.3228865
3534,4.5479937
3535,7.2535543
3536,4.4113836
3537,5.79513
3538,10.543687
3539,3.461268
3540,5.246086
3541,9.120516
3542,4.379403
3543,5.243056
3544,7.1192927
3545,6.8959455
3546,4.958196
3547,0.9952078
3548,3.5134144
3549,2.6031578
3550,3.992763
3551,9.557321
3552,3.817201
3553,2.6738806
3554,3.2126348
3555,7.894479
3556,8.483451
3557,6.94634
3558,5.507434
3559,8.460892
3560,8.303989
3561,5.1316557
3562,1.7009177
3563,7.160636
3564,5.070876
3565,15.642236
3566,4.876361
3567,8.817125
3568,2.8403986
3569,9.143785
3570,5.1391606
3571,5.5967865
3572,7.3043957
3573,6.5871353
3574,4.36357
3575,4.0855403
3576,2.622845
3577,8.21754
3578,7.064178
3579,5.8813
3580,6.83164
3581,8.185681
3582,6.160034
3583,2.746949
3584,3.9684868
3585,9.218758
3586,7.4150476
3587,7.6243777
3588,4.765423
3589,3.1704803
3590,6.961273
3591,4.558666
3592,4.034012
3593,3.810175
3594,14.505253
3595,7.746693
3596,5.8341646
3597,4.5891848
3598,3.2111034
3599,7.7536716
3600,4.8688197
3601,6.530499
3602,4.7154016
3603,6.959531
3604,9.447913
3605,6.531508
3606,7.940366
3607,10.762819
3608,2.659065
3609,5.6578054
3610,5.452441
3611,3.9337242
3612,2.9392724
3613,14.811039
3614,7.494985
3615,4.9066753
3616,9.02698
3617,8.893911
3618,7.094572
3619,6.4027295
3620,9.52021
3621,7.2091403
3622,6.7080016
3623,5.755763
3624,4.059742
3625,5.16243
3626,8.345533
3627,2.7009273
3628,15.517405
3629,2.5906653
3630,6.299001
3631,1.6424446
3632,6.5320144
3633,1.393013
3634,-2.6379795
3635,4.57576
3636,4.032572
3637,2.269036
3638,2.754836
3639,4.1157274
3640,5.2711678
3641,7.2526836
3642,3.8649693
3643,16.97966
3644,7.367306
3645,4.4740944
3646,6.7405405
3647,8.288917
3648,6.506557
3649,3.9479327
3650,7.8118877
3651,4.7190776
3652,5.7808723
3653,5.4721894
3654,5.4105635
3655,6.267765
3656,6.988105
3657,3.5699074
3658,7.564989
3659,6.1017013
3660,5.5832877
3661,4.6825104
3662,6.2961745
3663,6.3609176
3664,5.4212527
3665,6.628868
3666,6.5455537
3667,7.0559993
3668,6.194414
3669,5.620028
3670,7.8247137
3671,7.7604084
3672,6.733446
3673,2.8724813
3674,5.077071
3675,0.44464684
3676,4.3442836
3677,13.473068
3678,5.5235343
3679,5.676141
3680,5.517201
3681,13.1868515
3682,5.2700796
3683,4.5955796
3684,7.9584503
3685,2.594315
3686,3.546172
3687,4.9267077
3688,3.9670453
3689,8.996188
3690,5.853773
3691,9.418121
3692,7.2612305
3693,6.10115
3694,8.229162
3695,6.038857
3696,7.3367434
3697,14.195158
3698,4.6925173
3699,2.4379215
3700,4.773539
3701,4.2906117
3702,8.716803
3703,8.252493
3704,6.84064
3705,7.7126193
3706,7.674492
3707,6.7336607
3708,6.4281874
3709,6.7999616
3710,5.723763
3711,3.3544776
3712,8.923094
3713,2.5626316
3714,3.3040786
3715,3.6515026
3716,8.095771
3717,8.192825
3718,1.4491224
3719,4.52215
3720,9.672399
3721,9.378298
3722,-0.61362886
3723,5.160897
3724,5.3946037
3725,5.556894
3726,7.358983
3727,5.1610026
3728,3.5258512
3729,5.46161
3730,2.502371
3731,5.632436
3732,5.749195
3733,4.3444796
3734,3.103209
3735,4.1590004
3736,5.825338
3737,6.8271255
3738,6.4099193
3739,5.9516144
3740,8.463571
3741,3.4810135
3742,7.2770195
3743,6.7291756
3744,6.510783
3745,2.5116677
3746,8.2265
3747,5.7807264
3748,6.271903
3749,4.2571416
3750,3.5689406
3751,5.945566
3752,3.680284
3753,4.861396
3754,5.110543
3755,4.7992144
3756,2.2385285
3757,5.0814376
3758,6.7923713
3759,6.6684833
3760,4.542064
3761,5.155959
3762,6.1195693
3763,7.5880003
3764,6.295588
3765,5.632071
3766,2.1530285
3767,3.288219
3768,6.470466
3769,2.6811104
3770,2.627194
3771,11.103186
3772,6.118505
3773,5.5674534
3774,-0.7069955
3775,6.9529753
3776,0.540432
3777,3.695476
3778,9.483349
3779,6.7845592
3780,7.357083
3781,2.8548648
3782,17.624832
3783,6.6909065
3784,14.487128
3785,5.6332126
3786,5.705528
3787,6.831486
3788,1.7765143
3789,1.6007171
3790,6.6819487
3791,3.0965507
3792,4.478552
3793,7.39523
3794,7.823121
3795,8.5322695
3796,7.345999
3797,7.257015
3798,7.4340076
3799,3.9156408
3800,8.34464
3801,3.6061351
3802,9.2095785
3803,5.127486
3804,6.471213
3805,-0.34159422
3806,4.4576473
3807,2.286386
3808,3.350338
3809,3.814072
3810,4.872169
3811,2.4914024
3812,6.5819182
3813,5.1242533
3814,-0.18167734
3815,5.928916
3816,4.6789403
3817,7.491304
3818,3.5632453
3819,5.4698615
3820,8.618654
3821,6.191444
3822,4.2040024
3823,3.0619688
3824,11.317642
3825,4.4451227
