id,rating
0,3.052540342995942
1,4.768167591170857
2,5.127022713219447
3,3.599833618143298
4,4.101138551523054
5,3.197755585607791
6,6.872148932238154
7,3.610568092240468
8,6.727633089057047
9,6.559820062278613
10,7.587130922198675
11,8.248536109348876
12,7.140726502653176
13,4.579275789541463
14,2.169209959205927
15,5.831345301036712
16,4.977684933124775
17,8.474877504412554
18,5.556190231064971
19,6.0353491843862495
20,2.322108968462843
21,6.646485101798648
22,3.407841532815177
23,3.51453246140849
24,3.690815507772905
25,5.502791667715011
26,8.44362757472294
27,5.5453896025784415
28,2.873078351444449
29,4.679496022157604
30,5.693308530573859
31,5.920029836321604
32,5.2641380222670895
33,5.706252726309001
34,6.475553325355454
35,7.188799898047251
36,9.209668671731023
37,0.0
38,6.453893427802219
39,8.4725233294051
40,4.806948947874767
41,4.818699973103644
42,4.1901935950271385
43,15.0
44,4.331258149617232
45,6.328738735750877
46,14.233095856354948
47,4.5548409606460805
48,6.756061458948638
49,3.3988160368970983
50,8.858596040065303
51,15.0
52,4.9562235549272815
53,6.131227985690527
54,6.067017279953176
55,4.251969088289243
56,4.6345911106623445
57,5.784322981063832
58,6.386266900669995
59,7.230202092574008
60,7.689552025897431
61,3.031715084614312
62,4.40863432040218
63,2.817104492894598
64,6.024564223404204
65,4.453797094757259
66,5.379247107840187
67,3.472284678561942
68,15.0
69,7.09932487666207
70,4.473874988595493
71,4.25450888432371
72,4.569431331446465
73,4.252918942190634
74,6.271703268640156
75,4.311665907112568
76,5.412544861266547
77,3.445667893353868
78,8.440964595145509
79,5.934403028238805
80,7.825328168506352
81,4.192349313952451
82,6.578260255524114
83,9.998302946122926
84,10.326410342194482
85,8.127211255610911
86,2.113341424942309
87,7.752972916579819
88,1.887499318542592
89,5.754156037808985
90,7.845669008621344
91,5.8698978302238425
92,6.749643178207812
93,6.746238580276011
94,3.2439417838793743
95,6.801768453140413
96,1.2316285887299068
97,11.95361881419737
98,9.988652399046426
99,7.00890838395725
100,8.099136844301388
101,4.440796000898693
102,5.516935305294707
103,7.543191482130086
104,2.304454092600759
105,3.6620210161656095
106,8.70428722685049
107,4.726516556423438
108,2.5878704456652297
109,7.895519430852129
110,11.26320582260016
111,4.379887479329908
112,3.2714797883548195
113,9.252399240866234
114,5.155177244319662
115,6.074488009758291
116,8.661849603905326
117,2.990488364645538
118,5.982567311536383
119,6.488674839826068
120,6.854667548864881
121,7.601872915097953
122,6.406634364156679
123,9.730953137583512
124,3.9300396141991487
125,6.811416161149611
126,5.851991167656352
127,6.695658431547049
128,6.89032773019765
129,6.951538303686227
130,7.577601051437293
131,12.356454644986467
132,3.804657520601859
133,6.24254767801008
134,4.871927886194419
135,7.288373112562216
136,6.654175617006824
137,8.336863564428668
138,13.043040899697376
139,5.490452491136485
140,3.626323563201858
141,7.691284943382583
142,5.31330793022307
143,5.694203810684
144,8.61185426028025
145,8.360230796576932
146,9.213788354554229
147,7.763311192387024
148,7.341769155283973
149,4.601242021513188
150,2.7163746486445377
151,15.0
152,4.685658896595096
153,6.930330762652774
154,3.691590441338973
155,15.0
156,5.640435042834822
157,5.915031054977536
158,4.261693330648658
159,5.651533823645562
160,8.006573954436211
161,5.338301518673599
162,6.021355592096152
163,6.125809692293634
164,6.078985728815365
165,1.4610494274449437
166,5.80670209857918
167,9.58613153815248
168,9.583677620194871
169,13.925383569789824
170,8.93532151824345
171,5.935992264092043
172,3.996763146213777
173,7.213340886768829
174,6.071980576533523
175,5.785049543788874
176,8.085489317214288
177,5.111988933420207
178,7.082371059470926
179,4.352302780126486
180,5.646650832685332
181,6.831269853685381
182,6.211760161052784
183,15.0
184,5.184829861895466
185,7.178391677283974
186,8.722728096723081
187,3.7113450749984978
188,8.371351241695004
189,4.639381239209447
190,7.382172340425465
191,5.382908548761889
192,6.745357763561955
193,2.430569631366388
194,7.162289305629823
195,4.32492886224534
196,5.821337770238163
197,1.7352443572253438
198,5.940445045561748
199,4.241651067223609
200,6.988809502785161
201,2.835561569862868
202,5.768513527392902
203,5.658868073582905
204,6.681425450423066
205,5.980475720879856
206,6.529415725506775
207,4.858482970385295
208,1.6719161379475622
209,5.648314216683889
210,3.462781319313545
211,4.5771762339770525
212,9.528232037351229
213,7.136669273898356
214,2.3973003376081583
215,3.7158607453207178
216,4.619846818999091
217,7.665318394218916
218,3.6936204526426377
219,5.059676382575447
220,1.663525478376432
221,5.465801910648337
222,4.742315404823207
223,2.6813446488813546
224,6.736059890083238
225,5.028367052820609
226,9.876153032128984
227,8.5634077480954
228,10.710176402102611
229,10.994288227126956
230,2.4794279921731137
231,7.501169800704607
232,1.368657573002089
233,3.1169285245178138
234,7.067798558689893
235,8.08858039687004
236,15.0
237,5.9571858032526
238,5.390795555777409
239,7.651534570072476
240,3.804021127326443
241,1.5408163265306118
242,0.0949341859088139
243,7.570963962705142
244,4.341068692498469
245,7.072820067160193
246,3.664477794836167
247,4.544544934890264
248,2.6060784688826795
249,7.560495675398672
250,5.025858713606602
251,14.258479979386104
252,6.327763377400618
253,6.291125929771887
254,5.752040269306866
255,4.495615498191487
256,5.150928465864292
257,7.979830655725658
258,6.981201850606036
259,8.263097164184634
260,4.802023692610719
261,5.502662801412604
262,3.434679268694628
263,6.216502667979292
264,4.155406620727375
265,4.629381525944893
266,6.902818169181704
267,15.0
268,7.815408187032209
269,6.2711843023264615
270,7.76477883193853
271,7.661452949425783
272,6.457879098866248
273,6.326199913374266
274,3.3299713528248525
275,5.112467850308683
276,7.844249035331567
277,6.728165652186534
278,8.58011385301979
279,3.757173051882983
280,3.872857002058679
281,6.277098558321813
282,5.462940746265918
283,5.294158262786288
284,6.350808226509251
285,7.064763208891428
286,7.489612840240053
287,6.7603279413419015
288,1.5746799964297145
289,3.5686039385554134
290,5.343785600701132
291,6.344669322021394
292,5.356911180860545
293,0.5922908726826637
294,5.082800019799043
295,7.3105647503677105
296,7.031191281279655
297,5.157911730552248
298,6.265088531101599
299,4.56480905526877
300,11.962269892643112
301,9.042611707289248
302,3.0088637541052217
303,7.133282534313898
304,4.361140911213076
305,3.87841199235527
306,15.0
307,7.890262226543466
308,1.4505621734147396
309,7.275659895057059
310,5.876742186482811
311,7.359942795841497
312,4.188873947147762
313,9.186805128370189
314,4.366747970881936
315,2.1905543645153296
316,4.720533950852802
317,3.8802940237563313
318,2.1457582800491397
319,6.388012615396864
320,3.684017568515068
321,5.983699851776691
322,6.773222179329117
323,5.220393471277308
324,9.183018895038034
325,4.749833810735655
326,5.829250756532882
327,6.838274269512183
328,6.852511290508067
329,3.16507608686348
330,5.65316211513701
331,5.77785885954556
332,6.081117550835169
333,5.98558240718144
334,7.732758567622643
335,3.4105644432005864
336,7.192043286783885
337,9.5477636289257
338,4.220938434971589
339,1.5802325581395351
340,5.12967762319922
341,5.29938140396539
342,15.0
343,4.927865446182048
344,6.51784849823329
345,4.087019286699835
346,4.221661870371305
347,3.4607756399703278
348,7.397947075570732
349,8.265285946856945
350,10.017566688353936
351,4.794614359982037
352,3.51300852212765
353,1.044361518395146
354,5.6297482433611
355,10.606278883491049
356,14.929164819077616
357,5.174819814192722
358,8.28637346018705
359,6.781154556955231
360,5.84787478460467
361,6.793329951394556
362,7.990521917480384
363,6.100934277101147
364,7.181393681376387
365,7.1390872409118975
366,2.106525880373905
367,5.690425951205199
368,6.846764692140701
369,6.857813789385088
370,6.925764208098454
371,5.596756051140512
372,11.031350221617544
373,4.496623355269182
374,6.976064028120074
375,7.272905277455685
376,5.405792851486516
377,3.797223321377533
378,14.474040905401864
379,7.383028197923335
380,4.396739436388439
381,5.118269224265753
382,7.5408093913582785
383,4.34864128641345
384,3.5572984506695464
385,3.7760855534421167
386,2.2980882177603856
387,3.723020336641663
388,3.1523593793929723
389,7.891208823680414
390,15.0
391,8.773434331036382
392,7.193047147480104
393,6.593867482004121
394,8.089723681241926
395,7.317131943754155
396,6.133294449717628
397,6.933490372764506
398,6.717452206580304
399,3.033255341232364
400,3.1290858606830234
401,1.7288959714635277
402,9.004013376481353
403,14.572596109181523
404,9.186716296062317
405,4.609849203821881
406,3.302400797925724
407,8.428048894517623
408,5.864798155396983
409,7.8129229953212285
410,7.427652414189332
411,6.981222999131408
412,7.250772729490167
413,3.228378139196342
414,5.234225626722919
415,2.951957776986076
416,4.592711745255868
417,3.7223189141117374
418,7.285367233392818
419,1.6976928549602346
420,12.71437048862081
421,14.19387735052094
422,6.804147717014179
423,3.918508046702083
424,4.325138616554642
425,3.591683077829109
426,14.78235117242722
427,8.330936604274417
428,7.542532376190619
429,2.519215796793131
430,7.053780954210648
431,6.835707462216489
432,5.94660125913834
433,2.0266553437907207
434,0.0
435,15.0
436,7.870092433844597
437,3.7476131525703886
438,5.562140157027268
439,2.351266358401844
440,4.487556546319936
441,6.872014798192322
442,6.915911346315409
443,8.394694382742802
444,0.456691600022795
445,7.47522952585341
446,8.052746257466632
447,6.839006504371406
448,5.525898191572012
449,5.2521866002486775
450,3.963415469672353
451,5.374670301515136
452,8.05222133613279
453,5.125223353419692
454,9.479967585819235
455,8.916762888043877
456,11.076560409184022
457,5.679075103665915
458,2.6463263475115286
459,9.07709319957948
460,6.966775194669783
461,5.35035154860639
462,4.410263802074364
463,4.649497205248765
464,4.800502646812416
465,4.423416629602007
466,1.7102091267739463
467,3.5359029883550037
468,4.796648527415915
469,5.082155969860715
470,6.223796160800155
471,5.569469213200025
472,5.243005049158952
473,5.387351776118232
474,8.878108472689272
475,4.390133426303703
476,14.27088250126026
477,6.539665858926165
478,7.926304738240751
479,3.2260341186856274
480,6.105495768538814
481,4.499905596085545
482,11.160209526716864
483,4.741927256915373
484,2.4305940869942675
485,4.385995119142764
486,9.017617874180388
487,0.5938700330323416
488,5.298131106963487
489,3.5324689243920027
490,6.363303513529017
491,5.078680278719983
492,7.853820550331801
493,7.331060445774662
494,10.88534488453638
495,4.865060550401188
496,7.3656665282244
497,5.995040923545556
498,8.243579567095662
499,4.478915367498467
500,5.275579012926095
501,8.780897891060214
502,5.732728768784895
503,5.449387364877273
504,6.44873309221843
505,5.5439607694065085
506,6.787033532975418
507,8.36636952502119
508,6.595445221066104
509,5.087629275187243
510,6.109825652480259
511,4.378465922736827
512,7.353374335636307
513,5.4342565050761085
514,6.368088863519148
515,10.194815819694847
516,6.631316514420864
517,7.578140891455655
518,1.3296517302964792
519,3.870229194540123
520,7.874672532262519
521,11.0910295685171
522,4.829224031924333
523,3.519987464645806
524,4.065648561041687
525,4.9417695635630245
526,4.394299166637391
527,4.115360205327376
528,4.77057821602379
529,6.402015658184217
530,7.213228130636986
531,6.224140668802504
532,4.029586795727129
533,8.051491397472214
534,6.970105969559931
535,8.503223095895972
536,7.886939571150098
537,9.748292010829504
538,6.8457850017153765
539,8.167669093599713
540,3.785521707177255
541,5.3273084706861065
542,7.644100997803341
543,8.46679685560983
544,5.500035523089613
545,4.618357411153115
546,5.942258787965638
547,3.3254627621173234
548,6.142095573897019
549,6.525455002386106
550,2.7776332738027407
551,6.714143004456126
552,5.706755605132776
553,5.170298882572979
554,7.450432587491594
555,4.373042999183242
556,6.196980262758066
557,6.051793143694891
558,6.90356937112748
559,6.759703471116566
560,4.434597758654359
561,1.6081565995008318
562,5.467527242623702
563,4.674838317246489
564,3.415554173732069
565,4.156409460512377
566,7.487900639643775
567,5.6141738944729465
568,5.468593355947992
569,5.120657070314305
570,2.89435988554031
571,5.056875041055509
572,3.9411379279645455
573,7.349788890448888
574,10.719261339406923
575,5.707196814526557
576,7.649611990158522
577,15.0
578,3.4522134346917617
579,15.0
580,1.9432642758074303
581,7.621284724066914
582,14.569031474833398
583,3.818082170938544
584,6.853474983367219
585,6.970265926549896
586,5.048505619671984
587,5.9081091968956025
588,5.543216736603693
589,6.246872531165336
590,4.62084878842157
591,3.623918497645799
592,4.417844688158411
593,1.4694023116895305
594,8.231381053209326
595,6.744543863645951
596,4.284778864726184
597,4.406243892294213
598,4.881728786934017
599,3.377400870260391
600,10.280986264807987
601,9.23877216692992
602,4.672551466529094
603,5.462101627531797
604,5.728628116865554
605,2.0122758399723484
606,5.406781598725382
607,4.577916227190464
608,5.979872162805377
609,6.8101314956414685
610,6.737563700999043
611,3.797609238544205
612,5.259304840818939
613,7.153238219817202
614,6.161716112112405
615,7.451396616800296
616,8.197736606164593
617,4.793554065479084
618,4.357321206725947
619,3.2099007738248457
620,4.698555222079698
621,0.2116387629332564
622,6.643553629469122
623,6.738576697487137
624,11.33103926112084
625,4.72041631416589
626,4.336808411047395
627,8.040767257157082
628,3.4716370593169046
629,6.092166674084348
630,6.025394565231594
631,3.206271406885456
632,7.09693456677586
633,7.416133533862183
634,7.8730820884349395
635,8.671206486273713
636,5.866158442065387
637,7.2471968550294275
638,5.210362126054076
639,5.837063329098265
640,11.08720258349692
641,6.657641428566778
642,4.942353715479206
643,3.143636320115167
644,4.416109939086836
645,8.545987194075146
646,8.083908876153286
647,7.921345180328117
648,3.097779096354562
649,0.0
650,11.040320559219769
651,8.852642344437823
652,7.555029376443542
653,6.86352503018089
654,4.519559277475565
655,4.195153185329121
656,15.0
657,6.63525962672542
658,7.974516177679075
659,0.0
660,4.836185698301969
661,4.157934869056395
662,8.793320687436982
663,5.840271963880135
664,3.7609960315133018
665,11.103186863324176
666,3.0399109495392977
667,8.5
668,3.531073290233841
669,14.2771187476997
670,5.822015142462867
671,6.837645395584588
672,3.4744022130856207
673,8.485514113652327
674,3.881570235298724
675,7.106715532790483
676,3.762764813334256
677,5.947831137421076
678,3.1209295005502264
679,1.7207751684862258
680,5.155180190491536
681,5.498146350273935
682,5.249425302745961
683,5.134286468517906
684,8.08852086991083
685,4.106160689031748
686,5.339838109005061
687,10.110764811921245
688,2.7774462625953813
689,9.367674445757586
690,6.359110065601112
691,5.55087292697552
692,4.3593712686625565
693,7.133778976728266
694,15.0
695,4.26806338965031
696,3.5824350278645456
697,6.096612922598283
698,0.7065182067649262
699,2.617588813696433
700,7.1722447269980885
701,4.493150865877532
702,6.167719940839178
703,8.009308651298864
704,3.328116806578612
705,0.1888043941189726
706,4.227293518204119
707,6.19553341502505
708,6.968870054920084
709,8.824602263008282
710,3.182238206026802
711,8.102461143812906
712,5.336673057529597
713,4.109320722866096
714,5.694689733838475
715,2.673519796336142
716,14.001312383504716
717,4.2656447184156345
718,7.836557816608736
719,3.804210977083785
720,15.0
721,4.982940323998077
722,2.529874041627595
723,1.386921062096236
724,6.413483600118519
725,4.655664042072681
726,7.295507025615945
727,3.680999261848806
728,7.498163116089811
729,2.5553945853710505
730,1.7718694544676843
731,9.013447491733654
732,5.417970147542184
733,3.0899659891261897
734,10.555388079120345
735,5.8282447725284925
736,6.254167208420396
737,7.630443318640306
738,8.237467894821672
739,3.340319373338958
740,6.899758020505224
741,4.243661503027694
742,6.938112182630119
743,7.03859443189596
744,8.379858304952487
745,14.680064168249013
746,4.59312582154303
747,5.984910481655532
748,5.489404365314835
749,8.69595600850994
750,6.872883671675461
751,11.857577270848807
752,8.661457429658666
753,4.806699763886488
754,10.191789353404705
755,9.722435727010366
756,3.832628545682209
757,3.833363075637552
758,5.589803273998552
759,6.269448536733624
760,5.442944241317461
761,6.776644551698579
762,6.509596773293042
763,8.84881044740631
764,2.612418985881794
765,6.893600204090212
766,3.9993919190633394
767,5.646957779049196
768,4.314003817806623
769,3.939642832149736
770,6.7357686352530335
771,6.10398287360454
772,5.985687202540696
773,4.409270862874
774,6.498023817223941
775,7.861764748840619
776,4.4840276325740005
777,12.673094305011505
778,8.120868880016733
779,6.282146998289466
780,8.274363703675046
781,7.338928698445621
782,7.305010856491359
783,2.323118377381421
784,4.793382582471437
785,8.071018947414036
786,8.904206512468193
787,11.384466556108348
788,6.768948771200119
789,4.730234590386721
790,7.570483031586304
791,4.853585430684262
792,2.422904651906094
793,5.378659009969991
794,5.434495691278183
795,7.66430145681628
796,3.663333080859089
797,5.573909048622679
798,5.742203823091408
799,10.555973758858617
800,3.047000435720556
801,8.511417687440302
802,5.766614871063943
803,7.280729157317229
804,3.824788748420936
805,5.655021008031397
806,4.395518003824521
807,8.40312894089444
808,5.851621789372662
809,9.093347193347192
810,6.424345518003175
811,5.5544734640552536
812,2.6260862220016734
813,7.3665886035078545
814,4.483378526040959
815,3.931072196535255
816,5.9110273337473975
817,5.807138310447813
818,4.1500869109225365
819,6.689463627398255
820,7.00044424047432
821,8.00511077341343
822,8.823428622165679
823,3.1026488529141014
824,5.216849799577463
825,8.36446173741626
826,7.768876083394464
827,3.878195082936432
828,7.625618130919856
829,8.553430471277913
830,14.457904540874472
831,3.841220324395117
832,3.384532460799853
833,10.080860287197504
834,6.820865210553241
835,5.259878319760599
836,3.456691508129369
837,6.275662616786128
838,5.338941247555403
839,4.480869179249513
840,3.256676204919059
841,5.895697120757504
842,7.21226170452953
843,3.6704737198329456
844,4.438159175383214
845,5.0062717618414165
846,5.486399808446055
847,8.336682698150577
848,6.908894775719301
849,9.816921176520596
850,7.441166803117706
851,6.662032816453431
852,4.867697349352596
853,6.213810223771131
854,7.088329826654353
855,0.9756583257939422
856,4.432726418331489
857,2.0264180667144216
858,4.079577117980534
859,3.0736967257451413
860,6.0925763668819295
861,3.8061516351126414
862,5.4063023245107935
863,3.386658759437761
864,14.801627452733047
865,3.783593352297404
866,5.201027825213909
867,4.93854714453511
868,5.892241598218639
869,5.507215912282046
870,8.046655810801944
871,6.000897585355151
872,4.483185417068629
873,9.850740864837224
874,9.788176460830025
875,4.307462684537719
876,9.280703142967266
877,4.137956833440859
878,4.268593342674213
879,6.64064224939173
880,2.50285922491389
881,3.0466048735586964
882,4.064217950269638
883,2.90596459679248
884,3.4868534380812
885,10.23720485031328
886,8.302091644228128
887,1.7238052767968022
888,4.194944386388786
889,5.911687259070751
890,2.890746890717088
891,2.598886874377444
892,10.520318791028542
893,4.120712467399935
894,3.5533909444690286
895,5.775769564928518
896,2.085776302470733
897,5.265353285786083
898,3.968417390310278
899,7.4388106231445725
900,4.32145153914885
901,5.577003534745757
902,15.0
903,4.427389637167964
904,5.683288867898623
905,3.347677606634511
906,4.56801127845507
907,7.224774055445902
908,15.0
909,3.9843943617850943
910,10.231195936853249
911,13.70313412241934
912,6.346399915286442
913,7.281349689593499
914,5.002016681927703
915,4.479312875876253
916,5.123424127710139
917,0.0
918,9.221394058300689
919,7.054162898643593
920,9.540346900432215
921,14.93611540929185
922,8.688701032118125
923,4.880242636526806
924,3.354776742118589
925,8.734665870433801
926,3.414674108311229
927,3.7336769191631687
928,8.501981067332418
929,9.638894252244766
930,15.0
931,14.812968122090696
932,14.733617420446848
933,2.4276566071510537
934,5.464774273549343
935,9.842139655940937
936,7.227076011536028
937,5.870398601585905
938,5.494797967778966
939,7.451396792389582
940,2.933291686582281
941,7.973220107816813
942,6.808159098784654
943,5.816304360501424
944,5.746286474989981
945,7.852161615467848
946,5.552444247545697
947,5.6014776923186425
948,7.227764236403814
949,6.712980001105296
950,4.216032097132343
951,3.8727578442145294
952,2.7112586083228294
953,2.3040443396524597
954,6.441158042397217
955,7.043511252876958
956,8.55240880744935
957,5.715478191512135
958,4.109444934341693
959,4.749600530178153
960,5.595581116135161
961,5.488682494821525
962,6.60546536883674
963,6.716317574873529
964,4.942771795243039
965,5.741573368429903
966,5.276649035017698
967,4.023933212961026
968,5.462603904216661
969,3.2287547638911187
970,6.988680390516285
971,6.168557585201348
972,5.63976209357625
973,5.628128927790302
974,5.92216049740782
975,6.035431069573682
976,0.8520896448041431
977,6.776035929624929
978,6.556626373959657
979,8.483180771806499
980,6.455473680063853
981,5.526820334399394
982,3.5918346060860347
983,5.468415824200402
984,6.371550974399745
985,14.36269564734494
986,4.447313770592371
987,4.954418427353948
988,2.704488652104392
989,2.995665506899896
990,4.828110910558623
991,0.653971552771309
992,5.371453225769201
993,6.638297872340425
994,2.248932754790052
995,8.345828453597758
996,14.987441867413684
997,7.65118500609495
998,3.5711126806532287
999,6.203935040235164
1000,5.906489478052202
1001,7.34978668863288
1002,4.73985948766232
1003,10.927042742273168
1004,5.340267491562143
1005,4.937547684345922
1006,0.1838023017529476
1007,7.965674350993903
1008,0.8734525002542239
1009,4.7408868924483984
1010,3.213001723442931
1011,6.4778024725516845
1012,5.617064745827673
1013,5.547066408768537
1014,7.180814727921943
1015,15.0
1016,8.266480795537115
1017,7.0808913909896525
1018,3.8663023962088303
1019,5.383857279279093
1020,9.22269663795307
1021,3.7043474548835023
1022,6.474532866404828
1023,2.895499864524544
1024,4.078082585756894
1025,6.339918200828373
1026,6.933333333333334
1027,5.126823183981176
1028,6.510615722273521
1029,4.125198083959251
1030,4.116869972390379
1031,9.253723754583865
1032,4.393557452682083
1033,4.84432525641851
1034,4.145720768492323
1035,6.543170083832809
1036,5.2426792019817245
1037,5.536986844212903
1038,4.212329724592149
1039,4.885479703230003
1040,5.798410828042237
1041,8.892013247323879
1042,7.211757768154809
1043,6.201368571134114
1044,10.037806998784228
1045,5.7935456426774845
1046,6.189892219552664
1047,6.144888339802259
1048,9.541287646357436
1049,1.5263270998431528
1050,4.802057465140747
1051,5.484043272495507
1052,0.6417419327388301
1053,4.775116334732995
1054,5.322499180698779
1055,0.542259051154848
1056,8.57794389911026
1057,4.871695423160633
1058,9.645396456744162
1059,4.001384520529444
1060,5.23208613607814
1061,3.853130433508909
1062,5.181036325705815
1063,6.494389287613242
1064,5.180811082627252
1065,9.916811493679004
1066,4.254205800744363
1067,5.054660789774822
1068,3.967846909631966
1069,3.056651870623876
1070,5.359022490106472
1071,7.668492228263506
1072,10.4729797838475
1073,8.688451950196704
1074,9.74416586179811
1075,5.425539104247131
1076,8.281557562438481
1077,8.365206220698349
1078,6.449030296205994
1079,6.678008411083324
1080,3.2468854014553004
1081,7.179214103310092
1082,4.769441412027291
1083,6.19468313576744
1084,4.696304570202693
1085,4.8638304046440455
1086,5.295238095238094
1087,5.879303338423971
1088,7.123175613019777
1089,8.293565913456561
1090,10.134025155604146
1091,3.709039777331364
1092,5.530475769450743
1093,8.872469943395735
1094,4.545125358063825
1095,6.495241837755874
1096,5.532827538301975
1097,8.642197216368608
1098,6.245377335117171
1099,8.370754769689173
1100,9.31155955767868
1101,6.515882548020668
1102,5.842337545843211
1103,1.7423799941043314
1104,1.0642604532996978
1105,6.622320576914965
1106,3.3469208344954824
1107,7.897227232352704
1108,7.133420463116495
1109,5.0757754582186685
1110,7.016868114872349
1111,3.9927808855860354
1112,3.2940764519058887
1113,9.858235885876454
1114,8.01751147236272
1115,3.550367014453278
1116,6.03751373519549
1117,6.234168640072817
1118,4.070399770251687
1119,15.0
1120,9.406888538101487
1121,3.603600879701824
1122,8.634944005935198
1123,8.869232096133263
1124,5.204968536209586
1125,9.809522951742991
1126,11.189384322694975
1127,7.5460880853264864
1128,8.396302736820013
1129,8.80252778203287
1130,3.353676799586415
1131,4.495667176419056
1132,6.691519510519304
1133,8.017968839292264
1134,4.7634097104018736
1135,8.873690413982294
1136,8.17605046737122
1137,7.395541080639151
1138,4.372215182060525
1139,0.9216730764519304
1140,4.954260547490595
1141,4.070343516278968
1142,3.637101753638682
1143,2.010310141916649
1144,8.757601058355961
1145,4.932290745235674
1146,4.560799491756308
1147,4.515136868364943
1148,5.475508222635961
1149,6.109915655974826
1150,9.900917269982203
1151,5.835797869622746
1152,6.173741696255294
1153,7.282272157686543
1154,4.896702739749027
1155,5.301709056719254
1156,5.488862599044684
1157,4.240402264298991
1158,3.727218567266968
1159,3.833862521956075
1160,8.807395346545102
1161,2.995671698750654
1162,4.841167223760565
1163,9.229993227832557
1164,9.778251476615829
1165,7.008956427293339
1166,6.83207264218414
1167,3.555845308041077
1168,7.949539942347652
1169,9.906327783778885
1170,4.41947850467771
1171,5.881749890013356
1172,4.176005796989994
1173,4.52898434297833
1174,3.5510265749437
1175,5.682057215375075
1176,7.002798172771979
1177,8.89240176855709
1178,4.100240169834157
1179,6.922562269792633
1180,7.085625514531613
1181,9.26184637848222
1182,5.769428640567206
1183,7.577974421370539
1184,3.6850324501805054
1185,6.44610277685102
1186,5.452340917973189
1187,4.320275855444452
1188,6.565150256064177
1189,4.728031139688023
1190,5.437643773974641
1191,5.923496157647396
1192,4.964981951188589
1193,2.943009421707431
1194,8.072727256215293
1195,8.353453422197386
1196,5.09698805821253
1197,1.9925719532807329
1198,5.698179660063615
1199,4.6919981456558455
1200,5.722364680767311
1201,8.16055550471587
1202,6.695476026136916
1203,4.810225156013868
1204,5.1411731036131885
1205,6.752363314817061
1206,7.425352661501907
1207,5.019782345951695
1208,7.834506335830999
1209,9.766395235639225
1210,7.0861789308647065
1211,4.344441424354791
1212,4.673288424874702
1213,5.455044553297666
1214,6.4649106139463175
1215,7.4770113952106865
1216,4.344900510443122
1217,8.262408127472677
1218,6.55408024674312
1219,5.160021937699235
1220,6.241792796016272
1221,5.936822575689662
1222,10.524233946641427
1223,5.323578626965817
1224,14.413130857483411
1225,2.86801797690702
1226,0.962667616401952
1227,7.767926408908222
1228,9.93644389635382
1229,5.181843807219878
1230,7.466241326911176
1231,3.799687033464095
1232,4.660718240037325
1233,6.207932238962946
1234,7.704297787263296
1235,6.7081052082986
1236,8.010611043367762
1237,7.09003735001035
1238,2.8945820607674526
1239,5.220191751890417
1240,0.0
1241,4.635587581697422
1242,6.49625480126236
1243,6.822638218279588
1244,6.31097980722471
1245,7.769171076815513
1246,4.28690606370212
1247,5.759706829908128
1248,5.553865302010844
1249,7.6675080768854995
1250,8.496696548966993
1251,5.099800815103077
1252,4.420110437472874
1253,6.409945810820668
1254,6.435978175660377
1255,0.0
1256,7.012275603242616
1257,4.164006494844542
1258,3.3103189797737955
1259,3.654471348293339
1260,6.061705701409289
1261,7.72067642491216
1262,7.512179038506448
1263,0.48480136408031
1264,11.89782689197333
1265,7.476538819764713
1266,6.786324427943493
1267,5.271153749268424
1268,6.728187197507042
1269,2.543111951026528
1270,5.799319252433226
1271,7.222241259106913
1272,5.608108025121606
1273,4.454199355070521
1274,5.949568923992419
1275,4.008980223198742
1276,5.019237097352137
1277,7.224228227196991
1278,5.019782485643726
1279,3.381199385316427
1280,6.227310383069975
1281,5.176107835580014
1282,4.728269427231594
1283,15.0
1284,7.978352459956896
1285,6.27706334327083
1286,5.632093770788829
1287,0.0
1288,4.934017889916523
1289,0.7587736993762059
1290,3.681749334839737
1291,4.387066411712038
1292,2.7423677690947144
1293,8.932446579950405
1294,5.350468458459684
1295,4.436396326953089
1296,13.50613237653724
1297,6.236391422525188
1298,4.562702518175509
1299,5.582115661947416
1300,8.594515054524344
1301,4.310930915730774
1302,9.312524663801716
1303,3.641105499925357
1304,2.166666666666667
1305,7.881886647960936
1306,3.339789592185213
1307,5.32
1308,5.724125932098588
1309,3.572217025639374
1310,5.355472250608235
1311,7.49646537719376
1312,7.880249675177875
1313,5.579250756576704
1314,6.691324134861687
1315,8.422035394876433
1316,9.803695686159331
1317,7.817070823043128
1318,6.7474889601509815
1319,6.056564720931423
1320,8.16513449785352
1321,5.981220929827202
1322,7.292766814956187
1323,4.133079482355034
1324,4.833291886186113
1325,3.3318792201473544
1326,5.459491459060652
1327,6.41993440989897
1328,8.618465968856086
1329,0.9836797597990024
1330,3.790789805789211
1331,11.780638227880862
1332,6.750867673035228
1333,4.77099044301607
1334,6.722556936259801
1335,7.028985583478946
1336,7.059868435881976
1337,5.211954510520781
1338,7.554657682821429
1339,5.0530551043980525
1340,4.085242327434263
1341,4.817449777887215
1342,2.642359621531824
1343,4.540861765521721
1344,8.457438804767593
1345,6.327495433347023
1346,5.322469780601265
1347,5.930596341332218
1348,7.620827919274161
1349,8.44803518147217
1350,3.6570748299675535
1351,3.849233571567335
1352,6.59754124913876
1353,4.653125341501317
1354,5.605410136646396
1355,3.740571505434475
1356,9.046418702378922
1357,4.695897047333971
1358,4.713011946360916
1359,2.116809004403568
1360,1.25123128723751
1361,7.342415132859021
1362,6.485777764909039
1363,14.92144009443934
1364,4.843504236984701
1365,7.264919586425148
1366,3.8649916692346657
1367,5.415931905291954
1368,4.344375352780341
1369,4.875284634871323
1370,9.32153408663885
1371,7.599651455616739
1372,4.5803952493552895
1373,3.525837229711002
1374,8.87984003124406
1375,14.546441819113795
1376,5.02261459036339
1377,2.2657171094088784
1378,15.0
1379,9.773665973132251
1380,8.87433846059383
1381,7.124714362780198
1382,7.015437895397266
1383,5.816982598421758
1384,3.4248304949121406
1385,2.833928430339628
1386,7.487496404175083
1387,5.368125686713447
1388,1.5476992035669397
1389,3.947993642266584
1390,6.019216371050747
1391,7.873640422699065
1392,7.719671970138728
1393,6.84043695927718
1394,6.62813698755687
1395,2.697965708418303
1396,5.425197406978748
1397,4.426949483416925
1398,3.559931010174173
1399,6.666451771701523
1400,2.527260635108921
1401,1.5421390809898037
1402,5.420720554026916
1403,7.865237510312776
1404,4.895423932676545
1405,6.942016810641911
1406,2.521900885409565
1407,7.152562222933474
1408,8.515927324299042
1409,2.9518662147997534
1410,3.543586555001423
1411,8.721903094425887
1412,4.105984668371353
1413,4.535768269454253
1414,7.290517648424786
1415,5.051631668273809
1416,4.928974217048237
1417,5.947071977168889
1418,2.3492777718565554
1419,7.611939331115185
1420,7.982658672473514
1421,5.53835522332345
1422,5.731274870473146
1423,3.716012963421546
1424,5.930261613019687
1425,14.447465496352583
1426,4.599614988356988
1427,7.9517930167844195
1428,5.502308665889352
1429,8.807982039561866
1430,4.998978064357496
1431,5.407259896548772
1432,10.637329485890984
1433,6.127327996833618
1434,5.848094922766931
1435,8.028427654377822
1436,5.44953517858117
1437,0.0648864483039094
1438,5.004772825902284
1439,6.293011407758921
1440,5.207448155482148
1441,0.0
1442,7.397971396784284
1443,5.077678980190889
1444,7.981049554493178
1445,3.3355385708261585
1446,3.655780270661497
1447,13.480704483058728
1448,4.185538795301588
1449,15.0
1450,7.107096705591224
1451,5.320648725179316
1452,7.401944608614946
1453,4.235314306058612
1454,4.64788966771444
1455,6.617301278970716
1456,5.0633358986039605
1457,4.256417234988224
1458,4.0119988456732285
1459,6.426846374608262
1460,8.130043740490022
1461,1.8632808770764928
1462,5.345613765570495
1463,4.006261899428097
1464,3.7574527864465184
1465,8.712780363158124
1466,8.755865137020496
1467,4.546239785194768
1468,4.575428985785761
1469,5.656926600827997
1470,6.698180988226886
1471,7.291764563366674
1472,10.580822912913304
1473,1.7926119075675992
1474,15.0
1475,1.789823246407778
1476,4.420802770015508
1477,5.560996392879317
1478,3.3243294691308747
1479,6.800883499365594
1480,2.95915675306587
1481,7.554954713492999
1482,8.396809246620816
1483,7.292587891479656
1484,8.80543086860536
1485,5.589760922564416
1486,3.608757606734028
1487,11.055092951656766
1488,6.978329313856167
1489,4.059647819805964
1490,5.235860345999539
1491,2.468648231556916
1492,5.518199834573856
1493,6.377050599591577
1494,1.3854951088334424
1495,7.0370797177807365
1496,5.420228744868593
1497,0.7615507430473158
1498,13.529228724938951
1499,6.40851184619608
1500,6.292515236077393
1501,3.1236299765046867
1502,4.745856845954132
1503,6.308583874005592
1504,4.749039858146153
1505,7.362794664360656
1506,3.6015221139302667
1507,11.387149769398142
1508,6.641196583264947
1509,6.694030712508569
1510,4.901100333749515
1511,13.463268514019845
1512,3.861369581695447
1513,4.472225471643637
1514,9.21797383056298
1515,1.0150638477779683
1516,5.85960132209164
1517,4.288793019626931
1518,3.128379211422688
1519,6.144373523495577
1520,5.02702092303934
1521,6.035721590489112
1522,4.945910494991335
1523,4.390451344669382
1524,5.385843389899013
1525,6.429991367652626
1526,6.806721790036457
1527,7.168632500870827
1528,3.911275007793618
1529,3.045324567217656
1530,2.999703556053062
1531,5.958178371973986
1532,14.432238314376304
1533,2.4654959668373597
1534,5.737593411874999
1535,4.891526070428195
1536,8.393887676627273
1537,8.705504854604534
1538,3.3830139406641706
1539,5.334990292107099
1540,2.660590892539423
1541,4.99598287525866
1542,5.270295725435513
1543,4.613975930584571
1544,4.052600457102621
1545,2.7865633466991837
1546,10.086993324776524
1547,4.118688268491097
1548,6.361706686738512
1549,10.005157129985133
1550,4.615199783885165
1551,4.546084580817025
1552,5.513818085092193
1553,3.733168843738253
1554,7.373673312979302
1555,9.975817418847434
1556,4.197879909286097
1557,8.382116502964857
1558,8.589164935153894
1559,5.958276436873333
1560,3.662355720290932
1561,3.8960359317295135
1562,3.4638005899754023
1563,5.510023557506592
1564,6.358183301291032
1565,4.792453760844498
1566,6.037637506615061
1567,6.124459940226771
1568,5.150405059318293
1569,5.500784592854041
1570,8.305462363548592
1571,10.304885964991332
1572,2.8922307705867225
1573,6.233320201698059
1574,4.945446642817159
1575,6.508962633615634
1576,6.905900098519569
1577,6.673252987300371
1578,10.84295370119803
1579,6.360202074453936
1580,8.256300294947962
1581,14.197124643279372
1582,4.619272935458408
1583,6.800271131643475
1584,3.7417697930752816
1585,6.491092541615625
1586,5.594465058348811
1587,4.232725732804869
1588,5.966057741888399
1589,3.8449570681004896
1590,9.404226786243107
1591,7.24148370872199
1592,15.0
1593,3.309055935991624
1594,7.734020828790232
1595,6.916459239635154
1596,4.050611667866481
1597,7.401547901549406
1598,3.9530593563746352
1599,5.085957804468757
1600,4.784422325003927
1601,5.714163954667409
1602,4.765351890299179
1603,4.517482415499149
1604,3.8324104967621846
1605,6.251232079125607
1606,4.4727749927220986
1607,6.349916235357791
1608,3.1220986563723185
1609,4.471900969053787
1610,6.342139487737609
1611,7.073758976429649
1612,9.507802764715478
1613,4.066689119343852
1614,7.77495620734082
1615,3.6258476362835816
1616,10.35598353981834
1617,3.342370701428177
1618,2.639605638941424
1619,5.59192622208267
1620,15.0
1621,7.208441105813517
1622,0.9698122169768396
1623,3.964974912578595
1624,3.5644277487934466
1625,8.528551661702837
1626,4.439367864318125
1627,6.718854619737329
1628,8.243779295633505
1629,5.597355747659386
1630,2.9144825383779143
1631,3.62462338769771
1632,2.7628042699488704
1633,1.325623900221543
1634,5.020886042853175
1635,5.875033759015737
1636,4.866643795400416
1637,14.965359180087546
1638,4.867645208524547
1639,4.448983176916956
1640,5.563341823774572
1641,5.927012199646443
1642,2.762507486718309
1643,5.449625598711364
1644,10.64656691770696
1645,5.278622434599274
1646,7.040533961713026
1647,8.971328500076089
1648,6.434224685976356
1649,8.68990012066612
1650,4.719550729886624
1651,4.940341667230783
1652,7.719291697018634
1653,5.6683476495127545
1654,4.490967785229183
1655,8.011140649330446
1656,7.128887204725252
1657,4.674986318111076
1658,5.760356876098676
1659,9.66497445384114
1660,7.051369075810037
1661,4.420548453709738
1662,7.007994900746046
1663,4.562600969816073
1664,1.5496228012368989
1665,7.419929407869587
1666,7.29820808058601
1667,5.330093180846587
1668,14.266106502760737
1669,15.0
1670,15.0
1671,5.207476063116807
1672,3.8880836619143375
1673,1.5664263016150166
1674,3.009200849865856
1675,6.825260110390744
1676,5.868111695468381
1677,6.068300822338584
1678,4.047321150087817
1679,7.415688074706091
1680,3.5329101143062696
1681,3.888457382667409
1682,6.405373304854471
1683,10.738397388762367
1684,6.642559897441774
1685,3.652071456275665
1686,8.507520305763762
1687,5.450189831187174
1688,8.66199591277118
1689,4.410788318929034
1690,8.336018029952522
1691,10.65609836080735
1692,4.897499938534982
1693,8.764993584204122
1694,8.785840576314156
1695,6.34497917346256
1696,7.373488583540395
1697,10.582324613500404
1698,4.437713130234583
1699,7.489321659294499
1700,5.063098528491773
1701,6.893002801920297
1702,6.079753212021243
1703,15.0
1704,13.937977988652884
1705,5.014715088677278
1706,15.0
1707,6.425230450371907
1708,6.085886527671208
1709,3.7978998981568384
1710,11.383557643799364
1711,8.212363100195619
1712,6.369311517536287
1713,4.411900836730276
1714,7.086926658190818
1715,4.303447906808627
1716,8.421144246089293
1717,7.5578376301221795
1718,3.702334032287156
1719,3.852232052380161
1720,5.405056749285986
1721,8.309994352302297
1722,3.157938041353735
1723,6.868312366444011
1724,3.633664326579384
1725,7.160407425802884
1726,6.244377991282832
1727,15.0
1728,8.540989264992852
1729,3.760540802707996
1730,6.974789362083032
1731,6.492162653530445
1732,1.3503559344393563
1733,5.712277482490511
1734,5.627799125371688
1735,10.052033518053229
1736,0.0
1737,7.255319283527805
1738,5.062274659773846
1739,6.913969713475008
1740,7.679285663876225
1741,15.0
1742,6.595548112408466
1743,7.8327134333355986
1744,4.355653992864907
1745,7.3806319292624
1746,3.4167010191585363
1747,5.748894582368872
1748,7.841593782599061
1749,3.34065127347357
1750,5.311950442932746
1751,3.5
1752,7.699793759829525
1753,8.315288693483268
1754,3.494290436725865
1755,3.383609118050734
1756,6.264393463012103
1757,2.761163844936995
1758,8.912721402266369
1759,3.890075037695099
1760,4.984189532627697
1761,5.840254073628278
1762,5.076449337553193
1763,3.957259658836541
1764,4.4228914361247895
1765,3.813533479990651
1766,10.099732290130266
1767,3.973794247505917
1768,1.923124657417464
1769,5.644545695669298
1770,7.298779369535144
1771,6.4464865177153845
1772,6.459911645281815
1773,5.710848852802282
1774,6.510686906801313
1775,3.3963132710043227
1776,0.7000000000000002
1777,7.749557925354898
1778,5.572927316921897
1779,2.848786072559824
1780,6.664516270881459
1781,3.397779716059238
1782,3.483406664114539
1783,6.644068760428332
1784,5.759845736570213
1785,7.653534923083978
1786,6.6728646748737495
1787,8.47224281992714
1788,3.805015202131973
1789,4.324348349983572
1790,3.0187403394949435
1791,2.312436241644908
1792,1.7710648949741037
1793,3.685103975531251
1794,6.330859184196221
1795,4.746898577061983
1796,3.925785869399491
1797,7.670925244162013
1798,6.011603144440504
1799,3.8085220872148935
1800,6.894751341418036
1801,15.0
1802,8.168578129768626
1803,4.769253453373442
1804,5.721972633550896
1805,9.86565758593254
1806,11.342191495772166
1807,2.7517582599958903
1808,6.300071268855939
1809,6.432553701187788
1810,2.954464472726971
1811,3.847694869428731
1812,8.544230639680956
1813,9.05841750993596
1814,4.251438709776039
1815,7.530807022203755
1816,8.02510314273554
1817,3.09016053502474
1818,6.261188647623849
1819,6.4312113618891615
1820,4.945759614799277
1821,6.367410148856332
1822,4.555267170638713
1823,4.569570598172493
1824,7.372252543531802
1825,8.922332833047244
1826,7.507996891241856
1827,4.460645467759257
1828,5.2122731604699535
1829,3.629186796353814
1830,4.8138872001336015
1831,9.448056499783034
1832,7.556960666365954
1833,6.412095449629885
1834,7.203754428379291
1835,7.998153751592734
1836,13.875964064385782
1837,6.340403433715759
1838,5.510385896713187
1839,5.652120345917545
1840,14.838774310004048
1841,7.019578537902529
1842,7.41134292533498
1843,5.199300886031806
1844,5.836291784311272
1845,5.963537774860026
1846,3.519848511044565
1847,3.352694218441844
1848,5.929001044422116
1849,7.336758018164781
1850,4.851248289765442
1851,6.139950640735999
1852,5.608840838364096
1853,2.731633587039914
1854,4.378770944335948
1855,4.5126336279202
1856,4.954130753264647
1857,8.466019018784941
1858,4.587286558894413
1859,7.479486790732842
1860,4.40581794743587
1861,5.815723666160675
1862,8.704701077807517
1863,6.012621190042707
1864,5.655925081694245
1865,6.06913387516628
1866,6.323646797228929
1867,7.1194393383894194
1868,8.717668665578747
1869,6.831616460800514
1870,8.188418891164952
1871,0.0
1872,4.486658267674116
1873,8.067610198606294
1874,5.05440121538578
1875,8.113241987777423
1876,6.887644459957491
1877,6.73737714343267
1878,5.429826954397186
1879,6.3733624349896685
1880,9.329371598425572
1881,1.9280698092826247
1882,5.397248988953178
1883,4.667174492592993
1884,4.602892478023682
1885,14.093122853487344
1886,6.46475132720811
1887,6.427807281854171
1888,4.660333134647232
1889,3.7604322083969257
1890,7.219109731940963
1891,15.0
1892,2.9692224941988345
1893,5.330857105431573
1894,15.0
1895,4.108369198559661
1896,8.640919758317207
1897,4.138541719801559
1898,10.068032547197255
1899,6.2986884733241455
1900,3.337373218488713
1901,6.810535767189252
1902,6.587331550235956
1903,9.506779528368996
1904,3.6778098997726456
1905,5.674602024933488
1906,2.565881197387648
1907,6.754969892071738
1908,6.859936673629255
1909,15.0
1910,3.1892097605878003
1911,4.030917877187322
1912,2.815975484652302
1913,7.383541702871996
1914,2.443773799150665
1915,4.9180125323683885
1916,9.461679868736
1917,6.73394681584894
1918,3.524768020202245
1919,7.851586281231911
1920,3.5354011571720294
1921,5.013279760737192
1922,5.662846046491738
1923,4.925321349930363
1924,3.603192244684186
1925,1.0802992456566485
1926,10.028692946552225
1927,8.149264004570059
1928,4.283068019127994
1929,7.270471320651983
1930,5.273011323962952
1931,13.74161933667454
1932,6.099312712536952
1933,4.87118199590251
1934,6.797166178060802
1935,2.905593527455945
1936,5.381189916549426
1937,1.792110247583309
1938,4.73608729061083
1939,7.066026371886543
1940,4.718504094335562
1941,2.534516743948121
1942,5.533672252282253
1943,8.479564452656417
1944,6.216483221656704
1945,3.1776502134098856
1946,4.420817752664108
1947,4.706380944167431
1948,7.934507964293505
1949,6.750528543327333
1950,10.64349806514358
1951,7.772060145835988
1952,3.801087233504519
1953,8.548132426389703
1954,9.302706423133891
1955,1.7854100853466153
1956,5.441582193904747
1957,5.711948278659237
1958,15.0
1959,15.0
1960,9.208940377940118
1961,7.459331771103521
1962,14.945733480971231
1963,5.50070846639833
1964,12.508526685182805
1965,4.548958476162998
1966,5.3345193062713605
1967,4.515876139947441
1968,5.737657777263145
1969,4.834407449686094
1970,4.165602810013579
1971,5.120348401671249
1972,3.802002511687218
1973,6.901249968612158
1974,4.790563876538915
1975,1.630031303808724
1976,10.968627296415494
1977,8.30999320982003
1978,0.9718466514403924
1979,5.945583770930936
1980,6.412587611346673
1981,3.642336132296538
1982,4.76287192143066
1983,6.758479440571801
1984,5.6597151536388255
1985,8.732730045425342
1986,5.109302812774479
1987,3.5589903048812856
1988,6.943639534509233
1989,2.955033656819856
1990,4.38431119391478
1991,5.88959154778424
1992,10.11476838182382
1993,5.021671010469479
1994,6.235721499803512
1995,3.2642284406284685
1996,5.701290745410578
1997,3.790130030041832
1998,6.705542901448403
1999,3.786919595860696
2000,4.046031882925293
2001,5.429822532701484
2002,9.773533673219758
2003,6.032028125230705
2004,3.695539043885862
2005,10.516050788592231
2006,7.213660246633742
2007,5.922334986265007
2008,6.052491493147457
2009,8.415158935244435
2010,2.865788988473617
2011,2.4520493500694664
2012,8.647073475342848
2013,5.468586502163099
2014,0.7166666666666668
2015,2.247990826352609
2016,6.966610309999634
2017,1.8900874550405489
2018,8.93240610537745
2019,7.279464935943553
2020,5.939510187422284
2021,0.0
2022,6.345295247730847
2023,2.4085588851082766
2024,10.344007947032352
2025,8.249225323733219
2026,9.339623349853722
2027,2.145111751090045
2028,0.3502909547313286
2029,0.0
2030,9.04632802162904
2031,4.276647298992991
2032,3.343784222144388
2033,6.468425919565851
2034,6.866884034222404
2035,6.478166115873272
2036,4.78208728896355
2037,8.1146173388171
2038,13.13146974169438
2039,0.9734355124456906
2040,0.0
2041,5.0399044075753
2042,6.780062736015174
2043,6.736827685037094
2044,4.988275862068965
2045,7.553131077465014
2046,6.338732482952909
2047,1.7019740579182785
2048,14.080124627889276
2049,7.087299757302126
2050,4.931275780016675
2051,4.320611233889622
2052,4.848165849452851
2053,4.826197568020599
2054,5.136528460691438
2055,9.350592171152766
2056,2.8455793032245427
2057,15.0
2058,4.074361534121168
2059,3.1965226220927723
2060,4.629338328517306
2061,5.434199401417136
2062,5.8265111233447815
2063,7.250255093985157
2064,4.960735954206726
2065,4.408909274551386
2066,5.319118310244818
2067,5.812327231843957
2068,4.653007589355243
2069,2.130118129991867
2070,5.137988094507344
2071,6.542557159293178
2072,3.9861088461251737
2073,7.02513779008852
2074,12.444135093833816
2075,3.624810710578218
2076,3.3623414581918234
2077,5.201119000746093
2078,7.57166172711397
2079,10.028648352047584
2080,8.945012284376233
2081,7.261843251466782
2082,5.291945531259788
2083,5.930738293509982
2084,6.555300889708699
2085,0.0
2086,2.3955388778162834
2087,6.47181808201379
2088,5.902938176671603
2089,4.771499787776161
2090,7.554108700832395
2091,3.2917807388409197
2092,6.893651890814997
2093,11.40481291805033
2094,9.841833850346086
2095,4.451172314340544
2096,3.64609039765724
2097,3.033524255025569
2098,2.4622586169566065
2099,8.503182554824189
2100,7.051994071354557
2101,6.0236816757239335
2102,7.776110577496259
2103,5.280145805407368
2104,4.6429368212378925
2105,5.971372945173216
2106,4.625219775899689
2107,7.590531177167867
2108,4.705672097723574
2109,14.82496375938567
2110,7.21233119482103
2111,5.678028779319224
2112,7.4890755291728865
2113,8.768103929809001
2114,6.237101030176942
2115,5.135520974746618
2116,4.723997024552851
2117,6.086523640473724
2118,3.8951312710300714
2119,5.821238905938245
2120,3.5539320265110548
2121,7.62310774309779
2122,5.747625997763652
2123,5.232880981304031
2124,3.52548204979921
2125,4.441177697078693
2126,6.745029205487659
2127,5.975147722733026
2128,6.530334662605611
2129,4.031632344689362
2130,4.915147155182355
2131,5.877438484239112
2132,6.700312235475783
2133,4.61930472486388
2134,4.905521636955393
2135,4.607005664194531
2136,6.644445775669161
2137,5.996057448221671
2138,7.798095845299416
2139,5.273445435507782
2140,5.045650036470038
2141,13.450531223256467
2142,3.420381869704662
2143,8.222994249424577
2144,5.586335202985406
2145,6.924646077486643
2146,8.903123171305996
2147,6.224529203410245
2148,2.776587076850241
2149,5.591066410299149
2150,10.017684166983493
2151,5.581221956919183
2152,14.611312802451916
2153,2.8493183398782134
2154,5.476728942502978
2155,1.0164597972716318
2156,6.421912841285234
2157,7.563728382025106
2158,5.747706000475174
2159,8.690987446681916
2160,4.978996948392368
2161,1.9057360066767883
2162,1.901829273682613
2163,6.55995253161867
2164,6.263365600426977
2165,5.962102311662617
2166,10.885478531014073
2167,7.196970319912239
2168,8.00287574360848
2169,5.144752119896159
2170,4.52157812327594
2171,3.827454882386851
2172,4.515968219441736
2173,8.506992944419894
2174,6.628049974766733
2175,6.028047183407585
2176,8.352212912923903
2177,6.405194258176637
2178,3.1015397508055704
2179,5.418153259496249
2180,4.939852269522736
2181,10.939630915062718
2182,7.058156557038134
2183,5.871163245835428
2184,6.612739599617559
2185,4.780209788809425
2186,5.029148264628321
2187,7.545781290901985
2188,8.41173353868987
2189,7.41607142237675
2190,3.2634966147549407
2191,5.1744984545671855
2192,2.747789512235292
2193,6.717583743179336
2194,8.86575922422881
2195,4.978074219286539
2196,3.6030823854646368
2197,6.845188907042392
2198,2.8652775409752342
2199,4.966911288031063
2200,8.415731428416217
2201,5.39239774485579
2202,2.798942631655359
2203,4.727404746403079
2204,7.815287088843978
2205,5.94796058830092
2206,4.296229398128666
2207,3.0080824911714794
2208,5.747821514372049
2209,7.156287302752206
2210,7.883209362110634
2211,15.0
2212,6.780822621127957
2213,3.5514619278015145
2214,5.285814673874813
2215,7.212394907582752
2216,5.0930615676009
2217,0.8866162771519867
2218,9.37203000964894
2219,5.251234680660499
2220,14.891634184042577
2221,3.104591281457244
2222,7.584566872937026
2223,4.544345322974567
2224,3.217343475291184
2225,5.718408576022371
2226,7.871879386971768
2227,6.30547248618189
2228,2.067206719493071
2229,5.914644059917078
2230,10.534940721927995
2231,4.5368878357798845
2232,6.421190501712946
2233,2.949152542372881
2234,4.702764698694192
2235,8.741923476151403
2236,6.150841181999011
2237,0.0
2238,10.382806222850869
2239,3.096589837599361
2240,6.034853205499349
2241,9.815156835323585
2242,7.769311243762284
2243,5.088372440550908
2244,4.186601360299917
2245,4.372146790271194
2246,6.050276436765032
2247,7.68641467567238
2248,6.914606412008893
2249,5.339285714285714
2250,5.058796160901531
2251,5.991956899653792
2252,9.501615278498791
2253,6.428571428571429
2254,2.8435161679954826
2255,3.536290016258948
2256,6.57922568493691
2257,4.200302629049049
2258,5.876620876450557
2259,7.259281387372824
2260,6.336141209398097
2261,0.0
2262,4.244981579227156
2263,4.636424126081363
2264,6.270186395532571
2265,7.95019063575323
2266,7.576273444214181
2267,2.428391259156826
2268,5.4258938547453806
2269,5.743205807136272
2270,5.528339890040197
2271,3.1940919763716646
2272,1.0475698273586722
2273,7.910393142004051
2274,5.553596235936229
2275,7.790017907280131
2276,8.400017812838751
2277,4.0460287998345565
2278,4.750982692525692
2279,4.952118989053402
2280,4.606658674890565
2281,4.335904071637117
2282,10.305656915019052
2283,0.1735829382733346
2284,7.224762166364829
2285,4.580895702633306
2286,4.208044862883424
2287,6.355869069812047
2288,5.934686561063151
2289,4.91546976680721
2290,4.058311359668218
2291,6.61447901110874
2292,7.977315032014115
2293,2.6059826780233624
2294,7.908155069530465
2295,7.211315295749077
2296,7.190681323380764
2297,3.273275070944526
2298,0.0
2299,5.86341636059959
2300,7.36746986732441
2301,7.47022996651902
2302,9.537923010046226
2303,1.8506682131716856
2304,6.429297069930051
2305,3.640837586166336
2306,15.0
2307,4.387730110140616
2308,14.144875067152988
2309,7.429766120030124
2310,3.3876895630151296
2311,5.109807173479855
2312,5.470588235294118
2313,4.1810432376701385
2314,5.976955821605228
2315,11.660313210881244
2316,6.514186009893993
2317,5.596235331785096
2318,7.981532783811522
2319,4.059243495910345
2320,0.1293184994672289
2321,5.013858510788475
2322,3.4239206009071275
2323,7.69054350230744
2324,6.691821143858028
2325,4.506186221871138
2326,7.269847402570374
2327,7.660966341183743
2328,3.677179807075611
2329,8.001283536100367
2330,11.99669067548725
2331,5.487125090341543
2332,5.736865993459113
2333,6.144316730523627
2334,4.534163850553683
2335,11.001700322941538
2336,7.496727582803175
2337,4.78190869945718
2338,5.00445537686717
2339,5.162356949419258
2340,6.552416810061525
2341,2.90988050282426
2342,4.732070237956894
2343,5.165005767116747
2344,3.366540229653212
2345,7.075844532263723
2346,6.269420350364034
2347,6.118689839822078
2348,6.324004852760182
2349,6.146773428600734
2350,4.72147649405843
2351,15.0
2352,7.5097932579265905
2353,3.865294774723049
2354,3.70601760391798
2355,7.256945488412643
2356,8.492527657033083
2357,3.1287875137821555
2358,5.095989140045109
2359,3.4554018941076885
2360,6.924461272824298
2361,5.1289443175780205
2362,5.155859337105227
2363,1.66793764636187
2364,6.204117353811228
2365,6.285274213178334
2366,4.867317924897517
2367,2.9430358480449845
2368,5.193571589702335
2369,3.450882144528954
2370,3.396392228082344
2371,14.694537100209706
2372,6.20060533073804
2373,4.091911764705882
2374,7.497244043339303
2375,8.794362934285639
2376,3.279928742546172
2377,2.749648345212274
2378,4.16631003259239
2379,4.703303651861802
2380,5.726387764357725
2381,9.375671279325234
2382,4.868942660307716
2383,5.661158019424894
2384,0.1777956125638095
2385,3.630945354989668
2386,3.735228661779636
2387,5.635967706842773
2388,5.623236544473484
2389,5.842437936856244
2390,5.960051525712081
2391,4.739467837006719
2392,5.646045052674652
2393,4.619746388625734
2394,6.715856610133233
2395,4.395926135119703
2396,4.239995039232297
2397,5.713636534689623
2398,6.999308813135874
2399,1.1099203022009942
2400,6.007768686322703
2401,5.135277159250185
2402,8.197802952927184
2403,5.250289644336642
2404,4.907113990529418
2405,6.2564746709679895
2406,7.800823517110586
2407,2.395206701422685
2408,7.406108663349956
2409,7.290991876051138
2410,2.98410473119342
2411,3.107542701389709
2412,4.057513526448773
2413,7.241099711898791
2414,2.733334955401248
2415,5.0686179151109165
2416,5.6563914362778505
2417,4.259165984551293
2418,4.6874198477862175
2419,5.122164902196009
2420,8.001164371881371
2421,0.0
2422,7.366143429983659
2423,6.168025430855108
2424,4.558910562745044
2425,3.898793248320987
2426,5.1954965707560525
2427,4.013993173636853
2428,8.86545144987471
2429,8.365167890517201
2430,5.720166104584904
2431,6.46422205908472
2432,8.112603692173508
2433,5.090486137970809
2434,7.259474947144605
2435,6.864455692231148
2436,8.64665766293307
2437,5.446720058052034
2438,3.969843333790181
2439,5.840881149100913
2440,6.151709957540491
2441,3.6877652987634657
2442,5.920497450856895
2443,15.0
2444,3.6573897370358206
2445,7.190222728898386
2446,8.103670426308328
2447,2.060594965987117
2448,5.0630395471119725
2449,5.21102414555645
2450,6.075111066944871
2451,6.276009775529435
2452,4.913155535728503
2453,10.13888888888889
2454,3.426017598219209
2455,4.824474674120192
2456,3.8005190299761593
2457,7.229084844844665
2458,4.719505195473893
2459,6.1674163259654975
2460,6.437484670633825
2461,0.0
2462,2.519042320146428
2463,7.840829317679989
2464,5.416238881781333
2465,3.538395821624517
2466,3.3020126531669747
2467,7.342449643410996
2468,5.903228127744978
2469,5.655259763974777
2470,5.933389560314067
2471,4.416655887973693
2472,5.902766114324556
2473,8.067663876785055
2474,6.093449426203657
2475,5.705865551674648
2476,5.458535273039077
2477,10.983133376627082
2478,8.694485945626088
2479,5.448320554192689
2480,9.388294762314098
2481,2.4853142955975467
2482,5.374883440854712
2483,6.06945693671929
2484,5.657696683707303
2485,1.915791240363312
2486,5.093861944900394
2487,4.737919326359112
2488,6.731892174188872
2489,4.2136099459592495
2490,9.487351335918069
2491,6.22740506053388
2492,4.951166691996693
2493,2.959794934893192
2494,5.485609767035384
2495,6.7705695960009535
2496,5.610353573620698
2497,5.980406564774737
2498,7.657928701138758
2499,3.0913136724942274
2500,1.7126638130407867
2501,5.326963250658506
2502,4.225153832574466
2503,8.041311985103867
2504,3.191138266130806
2505,9.288047854062938
2506,2.5792001891718987
2507,2.087227689360788
2508,3.305313860327685
2509,7.071894440522812
2510,10.030270017382229
2511,13.18613385850287
2512,9.36577177607534
2513,3.453281049042693
2514,6.625875371436557
2515,2.150919401711758
2516,7.293490102467873
2517,7.679656024693551
2518,6.843316132324971
2519,5.341407933967938
2520,4.207130280540225
2521,6.015720382453404
2522,4.115699305121846
2523,7.702752373253832
2524,4.922116266203093
2525,15.0
2526,2.748705470438852
2527,7.156748828167946
2528,1.5349725766302451
2529,5.031746031746032
2530,7.402141868754461
2531,3.4176594653955625
2532,0.0
2533,5.242171423495964
2534,4.485289686097991
2535,15.0
2536,6.164141696957121
2537,1.461490418943192
2538,3.8171261983508953
2539,7.103074581521538
2540,4.515372741703304
2541,4.052116802034639
2542,3.441553821666647
2543,5.595339335295114
2544,7.428273677621144
2545,9.12958014412898
2546,2.5199718560492665
2547,13.83877947036046
2548,4.848450402613202
2549,7.375409168069503
2550,5.123943026573979
2551,3.0145978877297277
2552,4.632041103452036
2553,11.803882149079222
2554,5.847404212794958
2555,7.136795077604048
2556,5.517981741529091
2557,4.950697453726246
2558,5.184961151760336
2559,6.54322310814725
2560,6.633913058789843
2561,7.986922074349441
2562,1.5331327498983738
2563,5.587388931937358
2564,9.1956605431915
2565,2.0174134749581807
2566,15.0
2567,4.6686715092761055
2568,5.238605866460982
2569,14.56188456025528
2570,4.472879655299518
2571,15.0
2572,3.885798871765037
2573,4.743929177180528
2574,15.0
2575,6.224748606536502
2576,7.121943421612555
2577,7.878417415162549
2578,13.687828421563207
2579,7.990672201406206
2580,6.195459328781096
2581,3.7167511531162103
2582,7.600698627242822
2583,6.411772902421962
2584,6.637256298449351
2585,4.821122331443067
2586,3.531959419387266
2587,5.879675786123118
2588,6.208766518944233
2589,8.202913764860389
2590,7.30425880936536
2591,3.865752411465399
2592,4.573033419956092
2593,5.168155976086465
2594,5.967689174743144
2595,7.057886842023709
2596,4.656187943721233
2597,6.161887923800494
2598,0.0
2599,5.644572459692983
2600,6.807355708669549
2601,1.9488818482546384
2602,3.689402479354473
2603,4.989785042752189
2604,13.79988494904816
2605,5.286275565823513
2606,9.232001424445238
2607,7.394317973438746
2608,5.376794322694345
2609,8.914285714285715
2610,9.005743214042596
2611,7.261127430687599
2612,8.165841751527715
2613,6.647219172432494
2614,6.479569909352556
2615,12.946672533287824
2616,8.906571728537777
2617,8.059640019402282
2618,3.93790431227403
2619,2.3314741065785225
2620,9.153626221541476
2621,5.691186024554098
2622,5.059001410803981
2623,7.366567457971534
2624,0.0
2625,5.149441333649564
2626,4.6036102200024205
2627,5.730859103222063
2628,0.9229210730998024
2629,6.243686585440027
2630,3.4263850676801617
2631,6.7557830080140855
2632,1.0246232529825106
2633,4.620492497012134
2634,6.635794340291216
2635,5.29446399456513
2636,1.8214135610899456
2637,5.45822033861686
2638,6.361058862925486
2639,10.277252811915996
2640,15.0
2641,4.162203244869063
2642,9.113561623794311
2643,5.6177374257799455
2644,14.5606382100839
2645,5.0167901840307385
2646,4.476705572124087
2647,6.830807928537041
2648,10.10649814374788
2649,8.494123823950298
2650,4.180404474501174
2651,4.049193715765727
2652,6.659221041584623
2653,1.862211857530836
2654,4.9623973548901255
2655,3.917779205524507
2656,10.10991574623483
2657,2.5470525394236825
2658,3.4259738848633607
2659,5.944785749999209
2660,4.270707277684166
2661,6.737777015932564
2662,5.438726272336201
2663,10.799781364432343
2664,5.4861538461538455
2665,4.694903871455391
2666,3.594600452226164
2667,5.14860195441862
2668,6.433641676461373
2669,2.3621063731218026
2670,5.397151138218027
2671,4.83581829531722
2672,4.016893661917886
2673,8.430698965128471
2674,6.553191489361702
2675,4.752852240800096
2676,14.679388959115297
2677,3.81669092906069
2678,6.185078263012924
2679,9.645516483936198
2680,3.663538337753714
2681,4.098590833213026
2682,15.0
2683,6.7346390274105055
2684,4.564976066858954
2685,7.040533961713026
2686,4.787156202098227
2687,3.971720696065944
2688,7.725391935046485
2689,4.476435747676697
2690,5.373307967273626
2691,1.342320480885323
2692,11.726790828565557
2693,9.53962981311688
2694,3.495377095574117
2695,6.862316249017842
2696,4.848879125240474
2697,7.01743465872372
2698,4.66537949163545
2699,4.655479738520261
2700,5.249030531476974
2701,5.724792618833528
2702,5.355111624427788
2703,12.502838240827693
2704,4.558480721951341
2705,3.684026210559285
2706,8.198502023835495
2707,6.182988235101884
2708,5.42719127372902
2709,6.351617925678061
2710,15.0
2711,5.435180795947355
2712,5.359649295058086
2713,6.548991064966942
2714,7.361033908855652
2715,0.1171265025255958
2716,2.814701090698552
2717,6.643860993041937
2718,6.724663966389941
2719,8.577596972969582
2720,3.207258570556048
2721,6.852022748611326
2722,4.65709288076724
2723,9.225185185891194
2724,2.329046453241426
2725,8.494654454924975
2726,7.185532209311153
2727,5.17741027657341
2728,5.868980077121124
2729,6.096007252632685
2730,0.0
2731,4.581065354845842
2732,6.188117021640295
2733,6.697194083066866
2734,3.8200255666201257
2735,7.369226951835996
2736,6.5856144691163205
2737,1.5103229819448831
2738,4.442403473967974
2739,4.68843928873296
2740,5.006390900951609
2741,8.018515043738189
2742,2.7321584473421003
2743,4.885358049716981
2744,6.69759972563385
2745,15.0
2746,1.1570694809640714
2747,14.74505828275331
2748,5.091020235524137
2749,7.448479556791035
2750,5.729279105520656
2751,9.144104952953688
2752,6.741748930562189
2753,5.005748218970129
2754,6.711086633967847
2755,0.0
2756,5.408847546338608
2757,4.151017612534224
2758,7.427706661238145
2759,5.18562378202004
2760,3.7288909446462273
2761,9.729928465622937
2762,15.0
2763,8.246091840029049
2764,5.928834719041273
2765,6.988321142050687
2766,10.396203073728303
2767,2.744432671564388
2768,3.022144086207894
2769,10.34888981079259
2770,5.872433106592054
2771,7.020532772162277
2772,5.007933723601342
2773,6.3234589043428695
2774,7.980176795254226
2775,9.245785869213762
2776,7.342390212917312
2777,7.026485168119919
2778,14.937449711558289
2779,5.298138151166959
2780,5.655318401029162
2781,5.704897225257954
2782,5.640238389979573
2783,6.749812687798066
2784,3.436642030866515
2785,7.712155440053436
2786,5.771268315922169
2787,5.715112237625813
2788,2.1472022284942214
2789,6.162174122540554
2790,4.448586607462936
2791,7.251499181414975
2792,5.047386402339722
2793,4.310506644731421
2794,3.058255250995113
2795,5.088160791021725
2796,5.580510913890185
2797,5.154425020823001
2798,8.797949073527707
2799,9.777256912816116
2800,3.550658809081943
2801,12.116024903030574
2802,2.140440300540411
2803,7.535792366618939
2804,1.141219719512223
2805,5.039792181287108
2806,4.381855788234496
2807,5.05790863410959
2808,3.9045952320919937
2809,2.139784575265013
2810,3.080967922753703
2811,8.150645537476882
2812,3.7872075622077226
2813,3.7981254735051775
2814,14.433627056374064
2815,4.951951304490432
2816,7.328042775150942
2817,5.440942562193
2818,3.3645024428457133
2819,2.980624215348801
2820,8.513851828442604
2821,3.441387008982256
2822,8.82869303609852
2823,5.259192680235642
2824,8.54038285946372
2825,8.023737390783019
2826,5.165864282241201
2827,3.319182406483889
2828,9.213547010397596
2829,7.950203102819714
2830,6.867581329888079
2831,8.376160960531172
2832,7.334985101966136
2833,4.601257415800387
2834,6.977499564845525
2835,7.454574969211387
2836,4.772908969494892
2837,5.060187600672893
2838,3.1129568178475786
2839,5.572548194827963
2840,9.004764613915034
2841,4.512939068994229
2842,5.057872444543228
2843,6.913254266322959
2844,5.63576701654104
2845,3.5903823737736227
2846,0.0
2847,6.306838598009999
2848,7.110339634134269
2849,13.74117558227702
2850,14.343377884281892
2851,5.378307053297723
2852,7.521669377907633
2853,4.896989542425068
2854,4.750458671483576
2855,7.239251449194776
2856,3.904597393296812
2857,5.976304050354582
2858,6.607223190133717
2859,5.732431206893231
2860,6.8780101118372325
2861,8.914271381059045
2862,2.2734138692786785
2863,0.0568783068783069
2864,10.279156367164322
2865,2.602568439675512
2866,6.306101025194424
2867,13.991570279295482
2868,8.592444354910146
2869,9.39564553869859
2870,5.79921846575999
2871,8.359074488690114
2872,1.839147685323757
2873,2.328657757600621
2874,8.286134717206462
2875,5.099545787159625
2876,5.284829185786462
2877,6.990920037059277
2878,14.859479334389343
2879,3.211779966217728
2880,4.251379328773542
2881,4.222958163262909
2882,4.02745111155479
2883,6.674761065145519
2884,4.5438939793289
2885,5.93827336382338
2886,2.423609367683849
2887,4.5786844620137686
2888,8.10178178340524
2889,2.45826324998167
2890,2.32613847554716
2891,4.375499674882482
2892,7.210804051500206
2893,4.178546593174647
2894,3.8786622503307457
2895,6.402534757345906
2896,10.603520738747196
2897,7.566661663373851
2898,5.469984584400865
2899,7.897297296294456
2900,4.530482134546209
2901,2.8491071700542587
2902,7.431444803012061
2903,4.05488528598554
2904,5.305650393187773
2905,6.899725015886738
2906,8.131696934374693
2907,5.130467000058383
2908,6.895590311829273
2909,5.210327839448222
2910,7.076989481403955
2911,5.160260126092934
2912,6.37688195429603
2913,5.300743603606657
2914,3.4837121726119324
2915,4.364800201896963
2916,3.4585225073258217
2917,6.972692432999859
2918,4.873415596051983
2919,6.0464773265246805
2920,8.308030497001852
2921,5.161933277526755
2922,8.157508815672063
2923,15.0
2924,8.489509152451747
2925,5.365510675997284
2926,7.369300448833604
2927,5.15613123355285
2928,7.423926306844239
2929,9.167103090034264
2930,5.947003381450663
2931,6.676033975005771
2932,2.884036065363053
2933,7.751068841935097
2934,3.9161578281528464
2935,5.326248968615635
2936,6.109660183407214
2937,4.884161284338092
2938,3.431675791687482
2939,5.297791835701814
2940,8.136854854282742
2941,5.131429726318051
2942,4.834325568126746
2943,4.2619816727770194
2944,8.583037800317431
2945,6.709630886407946
2946,7.069458187959347
2947,8.032013169716405
2948,5.061468689425436
2949,5.515916111773684
2950,7.885880245875323
2951,15.0
2952,4.867521813561275
2953,2.9032117622297973
2954,7.264506414723415
2955,5.9204047702078695
2956,4.596529753861214
2957,5.697005662713657
2958,5.189417929222538
2959,8.029662271574217
2960,4.927881842356251
2961,5.960469024489607
2962,9.158721380502287
2963,4.204407834669125
2964,6.241613658013935
2965,5.086793720475584
2966,5.717145597174593
2967,7.063395243489831
2968,5.718291671028966
2969,3.640226191473276
2970,8.736718466963792
2971,4.040860658229561
2972,4.909757956944725
2973,10.443047833410644
2974,2.593821035934144
2975,9.004463154641382
2976,3.645102424859565
2977,6.296374799426766
2978,5.24346494872774
2979,4.9731810637350335
2980,7.293757746052754
2981,4.138779737975972
2982,5.358927692499092
2983,3.315105476415705
2984,4.587075653006411
2985,5.788861785823135
2986,3.0759357517425827
2987,7.517821661818034
2988,3.5047824502170704
2989,4.504493826095742
2990,15.0
2991,6.385241423487582
2992,3.975790283580793
2993,3.828061393437728
2994,2.632109374696425
2995,5.566142546754212
2996,6.226013182671635
2997,10.003007535272946
2998,1.4542500276555088
2999,6.473648552965296
3000,8.197479167198033
3001,8.93729443092086
3002,6.58318850629698
3003,1.7872447075756754
3004,3.285168509548844
3005,5.295488862446368
3006,3.513145558391133
3007,8.994367236579919
3008,6.665688083083088
3009,5.181866184019981
3010,4.4431579055461725
3011,2.2417947560655467
3012,6.527842185412844
3013,3.400630208794516
3014,4.721132245452425
3015,8.236839348348875
3016,5.693031644468877
3017,6.51075005773705
3018,8.22007319067136
3019,4.722769721592963
3020,7.54494186697193
3021,4.45783667439946
3022,5.465566557210214
3023,5.156819423825525
3024,5.878316770103927
3025,3.0028908876946656
3026,3.543697129692041
3027,3.948888877363395
3028,6.263983916076807
3029,5.470846931569547
3030,3.43761807721054
3031,7.653550588834532
3032,6.93116004864259
3033,8.156387324110302
3034,4.970713928781842
3035,5.488167182794644
3036,6.094583171316217
3037,8.857811864545049
3038,1.8460109328492904
3039,1.4139816744312337
3040,8.457817405320116
3041,5.278886723590638
3042,6.513572752430042
3043,6.528813097923205
3044,6.791267418582603
3045,6.615535012765752
3046,4.305483665950479
3047,6.121152396333754
3048,6.302604198028506
3049,11.151847957004469
3050,4.613489663744307
3051,5.45997160641853
3052,1.6917851557415855
3053,9.56679628770866
3054,0.0
3055,3.5584883156273217
3056,7.668719480210634
3057,4.741425517454115
3058,2.953388000859145
3059,5.140233468051071
3060,2.8571538196255437
3061,6.225344048866901
3062,5.429337884464654
3063,1.9681373826398376
3064,7.310944428429119
3065,7.988596135093823
3066,6.71549161478681
3067,7.76512829070613
3068,8.533333333333333
3069,6.125654003271725
3070,6.966366951827368
3071,3.461678918500451
3072,4.669160550278686
3073,6.707973579216759
3074,5.776298687646867
3075,7.465828125215214
3076,6.570880594660657
3077,3.774897011862706
3078,4.034624178743348
3079,2.489032580370231
3080,7.053042269478772
3081,1.9888774575333816
3082,15.0
3083,10.083024763711276
3084,7.7273157235193315
3085,5.77161226733072
3086,2.8033693222974905
3087,7.804950789370729
3088,9.095895146669797
3089,7.541353350713822
3090,3.706566174878212
3091,6.537715477458812
3092,3.960170529854866
3093,5.687960780892124
3094,4.088925027734876
3095,2.217887643663308
3096,6.088664520401509
3097,3.5185335026978084
3098,6.457427360220589
3099,6.024202290973201
3100,8.674633446769173
3101,6.41602916966197
3102,13.755476361211274
3103,7.8454758900726524
3104,5.2600233771482925
3105,3.7255927369574136
3106,4.959027990659791
3107,8.788489413880882
3108,8.407153465415716
3109,9.49618487190729
3110,5.574586739526955
3111,15.0
3112,6.854249810482235
3113,2.7287077281670387
3114,0.0
3115,5.816261372332427
3116,6.928819280115713
3117,6.280798887039085
3118,7.203873285059267
3119,5.048653679200544
3120,6.735448882517495
3121,5.607171303473277
3122,5.0487662010083225
3123,7.921973000758988
3124,5.429081326215574
3125,2.0094597213611327
3126,5.538514731131386
3127,7.539161938732375
3128,2.569783817996281
3129,9.281333724639053
3130,9.079879102161671
3131,8.770371333740153
3132,13.398529467656276
3133,4.1060326947077925
3134,6.6978229279734425
3135,3.9370387174561032
3136,0.0
3137,3.8769103633931583
3138,2.872954688763113
3139,7.110990736494059
3140,7.690087160790475
3141,4.111450675144625
3142,2.028537796359001
3143,6.083887901392203
3144,9.14360937018868
3145,14.56431005420792
3146,6.28080260862538
3147,5.034641678256546
3148,6.903110712729217
3149,5.037923357459667
3150,6.54613044574967
3151,5.267731887461513
3152,6.082491788115219
3153,5.470867521890455
3154,7.312699305346829
3155,4.951900384076382
3156,3.3694568224413346
3157,6.410754369861879
3158,5.118418153185835
3159,4.576923076923077
3160,4.96959233383158
3161,4.374566194928006
3162,4.32636215032851
3163,5.696886556007819
3164,9.90497540016462
3165,3.5232007359621758
3166,9.594391482282536
3167,6.320949637226917
3168,6.553232917873812
3169,7.003786213082845
3170,7.565077240747541
3171,3.721754139536368
3172,2.198767479500409
3173,2.8703491186629484
3174,7.304354215813719
3175,3.881229967072757
3176,3.756411637288731
3177,7.277282064196006
3178,4.839320052448991
3179,8.745140331886747
3180,1.2348906463166038
3181,5.759245623714829
3182,6.997184991410221
3183,6.53066372746728
3184,4.3659855706259085
3185,15.0
3186,2.8306899564632384
3187,5.806091806825264
3188,7.274627208431908
3189,5.262881986735629
3190,6.643403222067088
3191,10.308167447295762
3192,5.657865345324574
3193,5.681867030115365
3194,4.697545730368935
3195,6.360627997288209
3196,3.944587275764517
3197,7.12126896689394
3198,7.914290477577909
3199,13.917017177352925
3200,8.564543823179175
3201,6.019163165016467
3202,5.19091298687928
3203,3.7741034690079855
3204,6.563324630580312
3205,6.1294419998457865
3206,4.8661451134391
3207,9.493689586093891
3208,12.893871695003703
3209,2.518829707112729
3210,4.81994884483153
3211,4.265410917160321
3212,5.428257656999954
3213,6.512750135464
3214,8.381201022203673
3215,7.838912657509231
3216,4.44445129986377
3217,3.765368259189754
3218,12.108721410166536
3219,7.362524039815459
3220,6.935777218420925
3221,9.008496846885611
3222,7.734836253548557
3223,4.06944765458653
3224,3.1930913993992025
3225,8.813913865219108
3226,7.353765806418234
3227,0.0
3228,4.073657086299986
3229,6.334914883234702
3230,7.205393532732879
3231,8.261799403536896
3232,9.040603935937272
3233,9.072456184051028
3234,0.1287987061618887
3235,6.075079345490372
3236,6.719195376173734
3237,2.4332438958010663
3238,5.86137437969751
3239,4.833805030178514
3240,7.105278380277616
3241,7.014252430625757
3242,3.2599625918457726
3243,6.749839164404682
3244,3.27691490940243
3245,5.650845788744249
3246,5.987046692140904
3247,2.82468421360808
3248,4.596560053918848
3249,3.875802341906139
3250,6.479068318964682
3251,5.642195028316906
3252,6.680704957355736
3253,8.523244622503578
3254,8.210143201232503
3255,1.269728372283535
3256,15.0
3257,4.214513913637468
3258,9.860255012799843
3259,4.830175077012702
3260,6.2496283854718335
3261,6.432112238199406
3262,2.8294585294973604
3263,5.191387378106258
3264,4.024562155401367
3265,7.637662962354197
3266,4.560172611494815
3267,5.672702604449215
3268,5.838181075309637
3269,5.723814115711649
3270,4.586789338908016
3271,7.719157119971238
3272,6.790014595358559
3273,7.110151484702413
3274,7.800608237141217
3275,7.83368784654319
3276,3.4776760442538817
3277,8.662786986789174
3278,3.646038783077115
3279,4.3237291054447295
3280,7.081547174556364
3281,3.3569465747892107
3282,3.203918267880428
3283,5.210111421866378
3284,9.410173999743964
3285,3.4402238193741965
3286,3.613535854444215
3287,3.1142220055180183
3288,5.90692268445524
3289,8.202089382052762
3290,4.238426585495921
3291,5.4343186650010615
3292,4.326965260423558
3293,4.795150228818343
3294,6.115965231907403
3295,5.059846012209571
3296,5.177783050200671
3297,7.056253806631134
3298,2.900140459208651
3299,5.036258564279091
3300,2.591942005384598
3301,6.74478083335045
3302,5.302351309894767
3303,5.49741012406989
3304,7.241625777913048
3305,4.983981968181069
3306,15.0
3307,9.312224164431903
3308,5.887662871944662
3309,7.086920623812594
3310,15.0
3311,4.878481804954121
3312,0.8515877733573084
3313,6.484853221178426
3314,4.789884600634904
3315,5.415243254649567
3316,9.330523998940564
3317,8.177577584526553
3318,10.048299396567293
3319,0.7225550758675147
3320,6.104489655272012
3321,7.105682509352897
3322,6.1742727951919765
3323,8.846873169327345
3324,10.558290237451908
3325,7.190965875749818
3326,2.7229250511188545
3327,9.1191078108893
3328,4.720773446876965
3329,4.869958580545805
3330,6.93637444497438
3331,5.2133390602025536
3332,7.3771999496057585
3333,3.785872584409874
3334,6.326100181041168
3335,6.9840866541637565
3336,7.669061260775996
3337,1.6852540717097646
3338,6.351192067145665
3339,4.896216183430291
3340,6.838841104974751
3341,4.894619078630776
3342,4.489686471728244
3343,0.4436261141824567
3344,2.9775622283302114
3345,8.934168622961032
3346,7.936014858180037
3347,3.036456068345569
3348,7.624634890955338
3349,7.623867827686315
3350,4.532680596230632
3351,4.906163993521594
3352,5.517621065877884
3353,2.848349960740949
3354,9.130542637015845
3355,8.261413387129746
3356,15.0
3357,9.5
3358,3.696040071619467
3359,7.028996120517262
3360,4.132497192490195
3361,5.825371642788268
3362,2.771258691735464
3363,0.688187434169111
3364,1.708820334711507
3365,6.331311178743775
3366,5.076824119383033
3367,7.431402304573592
3368,5.721028701829314
3369,7.788265201491868
3370,6.116594174812066
3371,5.129437339375615
3372,7.947992140021905
3373,2.636363636363636
3374,5.791997113845164
3375,6.926190641611864
3376,1.9529257783450609
3377,0.0
3378,4.714491095089975
3379,3.6849345416548793
3380,1.507078507078507
3381,3.185657788875118
3382,6.402064400388065
3383,2.911056388625938
3384,4.360731397621647
3385,6.245394353948345
3386,4.480971364761665
3387,6.508235919074585
3388,4.3195913281095
3389,1.6329491064361994
3390,5.011632640633763
3391,5.273874837359657
3392,7.199081280628339
3393,15.0
3394,1.999459576595116
3395,8.146010038633953
3396,4.021116081119496
3397,10.723321285172576
3398,4.429185282625287
3399,3.7912572972260055
3400,6.641503000408461
3401,5.014083414420085
3402,6.176173025778693
3403,7.438363707852348
3404,9.03615750627212
3405,6.097023708649662
3406,7.416407967328451
3407,7.6733706197527
3408,7.336455581894548
3409,6.0058843897074965
3410,2.24998064731522
3411,2.3597784406548348
3412,8.800087254100688
3413,7.730846245965806
3414,6.897462714452382
3415,7.012610435785688
3416,13.433693170438907
3417,3.905826934742718
3418,3.903595356613121
3419,3.917841856484364
3420,8.55923102027844
3421,4.3295715899827405
3422,14.69080089131582
3423,6.519069891653509
3424,15.0
3425,3.9275439826433183
3426,5.636032174464414
3427,6.513292550610531
3428,4.605781080068779
3429,4.649566498575185
3430,6.492492909249588
3431,7.613589197913296
3432,8.986858262744883
3433,12.17778713828997
3434,7.110987539126302
3435,1.0530651774446032
3436,5.743615240256523
3437,8.29689262014812
3438,8.436952043285899
3439,8.434404196362467
3440,2.1631966883465843
3441,3.176534015019058
3442,1.6270804768859926
3443,5.640753633290871
3444,5.012385074811056
3445,7.583024276339053
3446,8.63547023707163
3447,5.235199682613599
3448,5.86876250001815
3449,6.729643910675622
3450,3.421619186978315
3451,5.034519591824722
3452,6.79908006377186
3453,7.170401599505789
3454,1.964019245329178
3455,4.767369847915023
3456,0.3215998825261527
3457,6.971214477026332
3458,4.869134044823568
3459,3.6151426145551726
3460,10.136247289180226
3461,4.426372689507172
3462,0.0
3463,4.797883932109501
3464,15.0
3465,5.349471002853747
3466,3.999862286413135
3467,6.058780371203655
3468,3.27181137497649
3469,4.394981817443454
3470,5.45152545947403
3471,6.305307861856025
3472,0.5558377756250508
3473,9.601376504447185
3474,5.538436363037941
3475,9.035799538295713
3476,6.391837716731802
3477,3.673771925926561
3478,4.458056460585131
3479,6.238321627989628
3480,9.164045332286566
3481,15.0
3482,4.714713919888092
3483,6.546897082407459
3484,7.135032654524045
3485,3.1554644912331704
3486,4.911759697602991
3487,8.721112341835669
3488,2.1166589043773465
3489,8.342645744128577
3490,4.523636830867223
3491,3.5375247029270813
3492,2.5971998749219725
3493,4.759990514363959
3494,6.184077048355367
3495,7.886165550258399
3496,6.785635869796056
3497,7.935757952173587
3498,2.490425288127435
3499,0.7543896255917103
3500,3.274794326136012
3501,8.225934142714427
3502,9.58624834533177
3503,4.406969559307052
3504,4.879088251711386
3505,6.968885790213249
3506,5.922451685244883
3507,5.54043712893534
3508,0.0
3509,2.571789852281377
3510,0.7689704918240429
3511,7.13632052771329
3512,7.442462520042028
3513,5.8168163107506325
3514,9.867541962869293
3515,6.092114857863013
3516,3.0080259209992377
3517,8.35217714922169
3518,5.681976173904461
3519,8.858895867362106
3520,5.272953346725149
3521,9.658292500275364
3522,7.891528967406995
3523,15.0
3524,15.0
3525,2.9650517892125383
3526,6.668216681665147
3527,8.035153422120795
3528,4.195619625393067
3529,9.488514732497164
3530,7.092805228796118
3531,4.880801880509982
3532,5.753570339502099
3533,8.294018597123793
3534,5.0287993314966055
3535,7.308457732016549
3536,4.198487263101596
3537,6.580952907535869
3538,10.44210341060173
3539,3.9238448051617154
3540,5.694550092365466
3541,7.887232011104692
3542,4.776645140859696
3543,5.446379776607621
3544,7.07099438199628
3545,7.96895803055612
3546,5.262281490350105
3547,0.065633443955924
3548,3.5537533779003927
3549,3.36010636870756
3550,3.6638437048481833
3551,10.645428284208034
3552,4.979213621147934
3553,2.9923360107182737
3554,2.8385063849296834
3555,7.169551918496129
3556,7.956336036703328
3557,6.335152854622294
3558,5.4089094573038645
3559,8.163926336471045
3560,8.637302684952491
3561,4.5558643133064365
3562,2.0030966285128664
3563,6.877828792236491
3564,5.283037652918802
3565,15.0
3566,4.567847990656915
3567,8.666442486003097
3568,3.502980142165433
3569,9.477597601192874
3570,4.857992554219381
3571,6.0766574549186
3572,6.955197735349053
3573,6.311841589757766
3574,5.201487203949969
3575,1.916011538944412
3576,2.648716351010412
3577,7.237654092707641
3578,6.221453400911258
3579,5.7629142061208505
3580,6.832671147227472
3581,7.500788811685946
3582,6.176917448636573
3583,3.393390439511118
3584,3.1499426622603144
3585,9.676802395954876
3586,7.8381721700247
3587,6.854841144165063
3588,4.903370283555664
3589,2.066185407675188
3590,6.996915163318812
3591,4.546255234228823
3592,3.909860211646843
3593,4.461841878056522
3594,14.396365382899315
3595,7.964662877290076
3596,5.782659798639917
3597,3.7424576373582874
3598,3.569818366277133
3599,6.826558911854313
3600,5.010297555070768
3601,5.462990627357612
3602,4.730103892951266
3603,6.986561969904038
3604,9.38981654544332
3605,5.667186437221241
3606,7.475889620076964
3607,10.706039897502029
3608,2.603290593982912
3609,5.575177936857154
3610,5.161749704627473
3611,3.813238399972048
3612,2.9234953246726767
3613,15.0
3614,6.823585322538052
3615,4.57344643192438
3616,9.529098601177564
3617,8.826994970503097
3618,7.286461257629926
3619,5.571632346828311
3620,9.64285959216672
3621,7.194015637830753
3622,7.093121730940716
3623,6.760566911106635
3624,4.249644290166223
3625,4.887293314519397
3626,8.299448329294838
3627,2.1855600627626983
3628,15.0
3629,2.8681253601219394
3630,6.21162969283889
3631,1.8906772312537856
3632,6.938849041354068
3633,1.4558448156739043
3634,0.0
3635,4.6544437173664175
3636,3.361004959320325
3637,3.242719551380532
3638,2.404240409444053
3639,4.062119823008104
3640,5.02532048776147
3641,7.727761268276349
3642,3.8165673236899593
3643,15.0
3644,7.605391308967925
3645,4.173639503405019
3646,7.632153434510162
3647,8.655896677279427
3648,6.603370072953652
3649,4.406797038385375
3650,7.403412788732566
3651,4.778293965103818
3652,6.3660660654092265
3653,5.433787256983747
3654,5.761919011350421
3655,5.735956238479714
3656,7.416947088520175
3657,6.954493794863966
3658,7.713428531552651
3659,5.171157408449094
3660,4.375738311204309
3661,4.70754121541635
3662,6.186861091982244
3663,7.867635928457139
3664,5.565305141304143
3665,5.229966767993995
3666,6.749610486668209
3667,8.275083506418726
3668,6.442207205728101
3669,6.354502424541588
3670,8.139488304148328
3671,7.148024033862022
3672,6.331172051238861
3673,3.1090600192995685
3674,4.022995854187951
3675,1.1132820241853214
3676,4.473020266682208
3677,13.32698748393532
3678,5.538680940304953
3679,5.931571733064946
3680,5.73666444959192
3681,12.928405041093306
3682,5.09370253817875
3683,4.468277876794582
3684,8.047050324810135
3685,3.940163368103661
3686,3.608527522200373
3687,4.2070402931019935
3688,3.2375430657658497
3689,9.23765694838358
3690,6.169789352291165
3691,8.679051531768454
3692,7.828295889403646
3693,5.920393227866511
3694,10.08710227900312
3695,5.888324355913332
3696,8.041219008658043
3697,14.592975583956225
3698,4.224280246191579
3699,2.759399967687742
3700,4.475282218492651
3701,12.096633339025429
3702,8.968049939828617
3703,7.685316846345303
3704,7.419642877191719
3705,8.331368198740266
3706,7.651399727804196
3707,6.689522021535888
3708,6.030395751964562
3709,6.487350792053906
3710,5.421290589694568
3711,4.2144000392461045
3712,9.051189194055588
3713,2.8434641624763213
3714,3.3440752985773394
3715,3.535415195098368
3716,7.547165927755616
3717,7.807832382155352
3718,1.8705236331773705
3719,4.769773967750778
3720,9.37873357228196
3721,8.418628067481645
3722,0.0
3723,5.172421249668876
3724,5.405112083139532
3725,4.458449771715973
3726,7.264233466134062
3727,5.259376414408451
3728,3.445932054443964
3729,5.539002329830212
3730,3.053289809930406
3731,5.293884124146855
3732,5.928223890269252
3733,3.679222095160811
3734,3.4174908488603357
3735,4.2594856256013855
3736,5.328557558957701
3737,7.506785564174046
3738,6.5007011907628005
3739,6.616654835078487
3740,8.728877690047135
3741,3.778721599609849
3742,6.980917281899786
3743,6.733404281123796
3744,6.558003884928408
3745,2.159065911822639
3746,9.04670807713791
3747,5.984184072304958
3748,6.123500256795253
3749,4.23735862485654
3750,5.01051051051051
3751,5.472110175353558
3752,3.828089019262256
3753,5.020451928965063
3754,4.955081024829367
3755,4.522521091231757
3756,2.628227712328638
3757,4.979661954705491
3758,6.809468656893893
3759,7.10123029454696
3760,4.992129413810658
3761,4.847812074256444
3762,6.330907095886036
3763,8.291899342030025
3764,6.225164307027529
3765,5.526997653250798
3766,2.3171334496312834
3767,3.4022728404785387
3768,6.332181872691113
3769,2.583769558368987
3770,2.198833560803658
3771,8.128799184457938
3772,5.540617708939399
3773,4.862265755555635
3774,0.0
3775,6.1431954948040834
3776,0.651908800724242
3777,3.056857747564206
3778,9.405619316781936
3779,7.656303935585186
3780,6.979570249312976
3781,3.220612929911201
3782,15.0
3783,6.3454522021053945
3784,14.368208332165311
3785,5.7149392426107966
3786,5.51451090227352
3787,7.00749681162375
3788,1.661201742585674
3789,2.0242386259733176
3790,7.302565450661284
3791,2.483156746534075
3792,4.5527915079706345
3793,6.781685403363895
3794,8.229699047053467
3795,8.463022053926139
3796,7.365471748690442
3797,7.141031320370015
3798,8.393327125986833
3799,4.393110146206627
3800,8.725629110543387
3801,4.027040323206178
3802,8.896281808745517
3803,4.8039933813562
3804,6.255258728168817
3805,0.0
3806,4.952707172901168
3807,2.246940330461472
3808,3.6463848745077865
3809,3.4997618066957608
3810,4.837291472196562
3811,2.7488488301164127
3812,6.427603196995005
3813,5.638275696541816
3814,1.784608049700669
3815,5.952689986564523
3816,4.240019004713333
3817,7.735694768711268
3818,3.633578772963342
3819,5.651073109986665
3820,8.807550696493726
3821,5.36707287220659
3822,4.723582650904101
3823,2.776974685198485
3824,9.792930078272027
3825,4.46754650249006
